facility_id,primary_commodity,country,mining_salary,LOM_in_Buckets,still_operating,price_usd_tonne,2000_clean_coal_value_tonnes,2001_clean_coal_value_tonnes,2002_clean_coal_value_tonnes,2003_clean_coal_value_tonnes,2004_clean_coal_value_tonnes,2005_clean_coal_value_tonnes,2006_clean_coal_value_tonnes,2007_clean_coal_value_tonnes,2008_clean_coal_value_tonnes,2009_clean_coal_value_tonnes,2010_clean_coal_value_tonnes,2011_clean_coal_value_tonnes,2012_clean_coal_value_tonnes,2013_clean_coal_value_tonnes,2014_clean_coal_value_tonnes,2015_clean_coal_value_tonnes,2016_clean_coal_value_tonnes,2017_clean_coal_value_tonnes,2018_clean_coal_value_tonnes,2019_clean_coal_value_tonnes,2020_clean_coal_value_tonnes,2000_coal_mined_value_tonnes,2001_coal_mined_value_tonnes,2002_coal_mined_value_tonnes,2003_coal_mined_value_tonnes,2004_coal_mined_value_tonnes,2005_coal_mined_value_tonnes,2006_coal_mined_value_tonnes,2007_coal_mined_value_tonnes,2008_coal_mined_value_tonnes,2009_coal_mined_value_tonnes,2010_coal_mined_value_tonnes,2011_coal_mined_value_tonnes,2012_coal_mined_value_tonnes,2013_coal_mined_value_tonnes,2014_coal_mined_value_tonnes,2015_coal_mined_value_tonnes,2016_coal_mined_value_tonnes,2017_coal_mined_value_tonnes,2018_coal_mined_value_tonnes,2019_coal_mined_value_tonnes,2020_coal_mined_value_tonnes,2000_minerals_concentrate_value_tonnes,2001_minerals_concentrate_value_tonnes,2002_minerals_concentrate_value_tonnes,2003_minerals_concentrate_value_tonnes,2004_minerals_concentrate_value_tonnes,2005_minerals_concentrate_value_tonnes,2006_minerals_concentrate_value_tonnes,2007_minerals_concentrate_value_tonnes,2008_minerals_concentrate_value_tonnes,2009_minerals_concentrate_value_tonnes,2010_minerals_concentrate_value_tonnes,2011_minerals_concentrate_value_tonnes,2012_minerals_concentrate_value_tonnes,2013_minerals_concentrate_value_tonnes,2014_minerals_concentrate_value_tonnes,2015_minerals_concentrate_value_tonnes,2016_minerals_concentrate_value_tonnes,2017_minerals_concentrate_value_tonnes,2018_minerals_concentrate_value_tonnes,2019_minerals_concentrate_value_tonnes,2020_minerals_concentrate_value_tonnes,2000_minerals_ore_mined_value_tonnes,2001_minerals_ore_mined_value_tonnes,2002_minerals_ore_mined_value_tonnes,2003_minerals_ore_mined_value_tonnes,2004_minerals_ore_mined_value_tonnes,2005_minerals_ore_mined_value_tonnes,2006_minerals_ore_mined_value_tonnes,2007_minerals_ore_mined_value_tonnes,2008_minerals_ore_mined_value_tonnes,2009_minerals_ore_mined_value_tonnes,2010_minerals_ore_mined_value_tonnes,2011_minerals_ore_mined_value_tonnes,2012_minerals_ore_mined_value_tonnes,2013_minerals_ore_mined_value_tonnes,2014_minerals_ore_mined_value_tonnes,2015_minerals_ore_mined_value_tonnes,2016_minerals_ore_mined_value_tonnes,2017_minerals_ore_mined_value_tonnes,2018_minerals_ore_mined_value_tonnes,2019_minerals_ore_mined_value_tonnes,2020_minerals_ore_mined_value_tonnes,2000_minerals_ore_processed_value_tonnes,2001_minerals_ore_processed_value_tonnes,2002_minerals_ore_processed_value_tonnes,2003_minerals_ore_processed_value_tonnes,2004_minerals_ore_processed_value_tonnes,2005_minerals_ore_processed_value_tonnes,2006_minerals_ore_processed_value_tonnes,2007_minerals_ore_processed_value_tonnes,2008_minerals_ore_processed_value_tonnes,2009_minerals_ore_processed_value_tonnes,2010_minerals_ore_processed_value_tonnes,2011_minerals_ore_processed_value_tonnes,2012_minerals_ore_processed_value_tonnes,2013_minerals_ore_processed_value_tonnes,2014_minerals_ore_processed_value_tonnes,2015_minerals_ore_processed_value_tonnes,2016_minerals_ore_processed_value_tonnes,2017_minerals_ore_processed_value_tonnes,2018_minerals_ore_processed_value_tonnes,2019_minerals_ore_processed_value_tonnes,2020_minerals_ore_processed_value_tonnes,2002_reserves_commodity_value_tonnes,2003_reserves_commodity_value_tonnes,2005_reserves_commodity_value_tonnes,2006_reserves_commodity_value_tonnes,2007_reserves_commodity_value_tonnes,2008_reserves_commodity_value_tonnes,2012_reserves_commodity_value_tonnes,2013_reserves_commodity_value_tonnes,2014_reserves_commodity_value_tonnes,2015_reserves_commodity_value_tonnes,2016_reserves_commodity_value_tonnes,2017_reserves_commodity_value_tonnes,2018_reserves_commodity_value_tonnes,2019_reserves_commodity_value_tonnes,2020_reserves_commodity_value_tonnes,2002_reserves_grade_ppm,2003_reserves_grade_ppm,2005_reserves_grade_ppm,2006_reserves_grade_ppm,2007_reserves_grade_ppm,2008_reserves_grade_ppm,2012_reserves_grade_ppm,2013_reserves_grade_ppm,2014_reserves_grade_ppm,2015_reserves_grade_ppm,2016_reserves_grade_ppm,2017_reserves_grade_ppm,2018_reserves_grade_ppm,2019_reserves_grade_ppm,2020_reserves_grade_ppm,2000_reserves_mineral_value_tonnes,2001_reserves_mineral_value_tonnes,2002_reserves_mineral_value_tonnes,2003_reserves_mineral_value_tonnes,2004_reserves_mineral_value_tonnes,2005_reserves_mineral_value_tonnes,2006_reserves_mineral_value_tonnes,2007_reserves_mineral_value_tonnes,2008_reserves_mineral_value_tonnes,2009_reserves_mineral_value_tonnes,2010_reserves_mineral_value_tonnes,2011_reserves_mineral_value_tonnes,2012_reserves_mineral_value_tonnes,2013_reserves_mineral_value_tonnes,2014_reserves_mineral_value_tonnes,2015_reserves_mineral_value_tonnes,2016_reserves_mineral_value_tonnes,2017_reserves_mineral_value_tonnes,2018_reserves_mineral_value_tonnes,2019_reserves_mineral_value_tonnes,2020_reserves_mineral_value_tonnes,2002_waste_total_material_tonnes,2003_waste_total_material_tonnes,2004_waste_total_material_tonnes,2005_waste_total_material_tonnes,2006_waste_total_material_tonnes,2007_waste_total_material_tonnes,2008_waste_total_material_tonnes,2009_waste_total_material_tonnes,2010_waste_total_material_tonnes,2011_waste_total_material_tonnes,2012_waste_total_material_tonnes,2013_waste_total_material_tonnes,2014_waste_total_material_tonnes,2015_waste_total_material_tonnes,2016_waste_total_material_tonnes,2017_waste_total_material_tonnes,2018_waste_total_material_tonnes,2019_waste_total_material_tonnes,2020_waste_total_material_tonnes,2002_waste_value_tonnes,2003_waste_value_tonnes,2004_waste_value_tonnes,2005_waste_value_tonnes,2006_waste_value_tonnes,2007_waste_value_tonnes,2008_waste_value_tonnes,2009_waste_value_tonnes,2010_waste_value_tonnes,2011_waste_value_tonnes,2012_waste_value_tonnes,2013_waste_value_tonnes,2014_waste_value_tonnes,2015_waste_value_tonnes,2016_waste_value_tonnes,2017_waste_value_tonnes,2018_waste_value_tonnes,2019_waste_value_tonnes,2020_waste_value_tonnes,country_Argentina,country_Australia,country_Bolivia,country_Bosnia and Herzegovina,country_Brazil,country_Canada,country_Chile,country_China,country_Colombia,country_Cote d'Ivoire,country_Cuba,country_DR Congo,country_Dominican Republic,country_Finland,country_Ghana,country_Guatemala,country_Guinea,country_India,country_Indonesia,country_Jamaica,country_Kazakhstan,country_Kyrgyzstan,country_Liberia,country_Madagascar,country_Malaysia,country_Mali,country_Mexico,country_Mozambique,country_Namibia,country_New Zealand,country_Papua New Guinea,country_Peru,country_Philippines,country_Poland,country_Portugal,country_Russian Federation,country_Saudi Arabia,country_South Africa,country_Spain,country_Suriname,country_Sweden,country_Tajikistan,country_Ukraine,country_United States of America,country_Zambia,country_Zimbabwe,primary_commodity_Aluminium,primary_commodity_Coal,primary_commodity_Copper,primary_commodity_Gold,primary_commodity_Iron,primary_commodity_Nickel,primary_commodity_Other (poly)-metallic,primary_commodity_Other mine,primary_commodity_Silver,primary_commodity_Zinc
COM00008.00,Nickel,Spain,37500.0,11.0,0.0,16811.81,,,,,,,,,,,,,,,,,,,,,,,,,,,,,,,,,,,,,,,,,,,,,,,,,,,,,,,,,,,,,,,,,,,,,997224.0,1550437.0,1707330.0,1794089.0,1441903.0,1349336.0,24289.0,755000.0,1785000.0,1755000.0,616000.0,,,,,,,,,,,997224.0,1486800.0,1668959.0,1825212.0,1912675.0,1435177.0,0.0,577000.0,1606000.0,1660000.0,1292000.0,,,,,,,,,,,,,,,,,,,,,,,,,,,,,,,,,,,,,,,,,,,,,,,,,,,,,,,,,,,,,,,,,,,,,,,,,,,,,,,,,,,,,,,,,,,,,,,0.0,0.0,0.0,0.0,0.0,0.0,0.0,0.0,0.0,0.0,0.0,0.0,0.0,0.0,0.0,0.0,0.0,0.0,0.0,0.0,0.0,0.0,0.0,0.0,0.0,0.0,0.0,0.0,0.0,0.0,0.0,0.0,0.0,0.0,0.0,0.0,0.0,0.0,1.0,0.0,0.0,0.0,0.0,0.0,0.0,0.0,0.0,0.0,0.0,0.0,0.0,1.0,0.0,0.0,0.0,0.0
COM00018.00,Silver,Mexico,9018.86,10.0,0.0,14.03,,,,,,,,,,,,,,,,,,,,,,,,,,,,,,,,,,,,,,,,,,,,,,,,,,,,,,,,,,,,,,,,,,,,,,,1139899.0,1478423.0,1671257.0,1675952.0,1848000.0,1698000.0,1790000.0,1763000.0,1799000.0,1833000.0,452000.0,,,,,,,,,,,1139899.0,1478423.0,1671257.0,1675952.0,1848000.0,1698000.0,1790000.0,1763000.0,1799000.0,1833000.0,452000.0,,,,,,,,,,,,,,,,,,,,,,,,,,,,,,,,,,,,,,,,,,,,,,,,,,,,,,,,,,,,,,,,,,,,,,,,,,,,,,,,,,,,,,,,,,,,,0.0,0.0,0.0,0.0,0.0,0.0,0.0,0.0,0.0,0.0,0.0,0.0,0.0,0.0,0.0,0.0,0.0,0.0,0.0,0.0,0.0,0.0,0.0,0.0,0.0,0.0,1.0,0.0,0.0,0.0,0.0,0.0,0.0,0.0,0.0,0.0,0.0,0.0,0.0,0.0,0.0,0.0,0.0,0.0,0.0,0.0,0.0,0.0,0.0,0.0,0.0,0.0,0.0,0.0,1.0,0.0
COM00168.00,Gold,Peru,10531.43,3.0,0.0,1514.58,,,,,,,,,,,,,,,,,,,,,,,,,,,,,,,,,,,,,,,,,,,,,,,,,,,,,,,,,,,,,,,,,,,,,,,,,,,,203164.0,2101031.0,2264111.0,0.0,,,,,,,,,,,,,,,,,,203164.0,2101031.0,2264111.0,0.0,,,,,,,,,,,,,,,,,,,,,,,,,,,,,,,,,,,,,,,,,,,,,,,,,,,,,,,,,,,,,,,,,,,,,,,,,,,,,,,,,,,,,,,,,,,,,,,0.0,0.0,0.0,0.0,0.0,0.0,0.0,0.0,0.0,0.0,0.0,0.0,0.0,0.0,0.0,0.0,0.0,0.0,0.0,0.0,0.0,0.0,0.0,0.0,0.0,0.0,0.0,0.0,0.0,0.0,0.0,1.0,0.0,0.0,0.0,0.0,0.0,0.0,0.0,0.0,0.0,0.0,0.0,0.0,0.0,0.0,0.0,0.0,0.0,1.0,0.0,0.0,0.0,0.0,0.0,0.0
COM00224.00,Zinc,Australia,56861.95,17.0,0.0,1769.4,,,,,,,,,,,,,,,,,,,,,,,,,,,,,,,,,,,,,,,,,,,,,,,,,,,,,,,,,,,,,,,,,,,,,,,,,,,,5204013.0,6947259.0,7273064.0,4589601.0,118951.0,,,,,,,,,,,,,,,,,5413520.0,7096282.0,7109879.0,6811181.0,118951.0,,,,,,,,,,,,,,,,,,,,,,,,,,,,,,,,,,,,,,,,,,,,,,,22124336.0,16920323.0,9973064.0,2700000.0,2581049.0,,,,,,,,,,,,,,,,,,,,,,,,,,,,,,,,,,,,,,,,,,,0.0,1.0,0.0,0.0,0.0,0.0,0.0,0.0,0.0,0.0,0.0,0.0,0.0,0.0,0.0,0.0,0.0,0.0,0.0,0.0,0.0,0.0,0.0,0.0,0.0,0.0,0.0,0.0,0.0,0.0,0.0,0.0,0.0,0.0,0.0,0.0,0.0,0.0,0.0,0.0,0.0,0.0,0.0,0.0,0.0,0.0,0.0,0.0,0.0,0.0,0.0,0.0,0.0,0.0,0.0,1.0
COM00274.00,Aluminium,Suriname,848.28,93.0,0.0,1835.51,,,,,,,,,,,,,,,,,,,,,,,,,,,,,,,,,,,,,,,,,,,,,,,,,,,,,,,,,,,,,,,,,,,,,,,,,,,,3000000.0,2700000.0,2700000.0,1600000.0,,,,,,,,,,,,,,,,,,3000000.0,2700000.0,2700000.0,1600000.0,,,,,,,,,,,,,,,,,,,,,,,,,,,,,,,,,,,,,,,,,,,,,,,,,,,,,,,,,,,,,,,,,,,,,,,,,,,,,,,,,,,,,,,,,,,,,,,0.0,0.0,0.0,0.0,0.0,0.0,0.0,0.0,0.0,0.0,0.0,0.0,0.0,0.0,0.0,0.0,0.0,0.0,0.0,0.0,0.0,0.0,0.0,0.0,0.0,0.0,0.0,0.0,0.0,0.0,0.0,0.0,0.0,0.0,0.0,0.0,0.0,0.0,0.0,1.0,0.0,0.0,0.0,0.0,0.0,0.0,1.0,0.0,0.0,0.0,0.0,0.0,0.0,0.0,0.0,0.0
COM00277.00,Other (poly)-metallic,Australia,56861.95,2.0,0.0,,,,,,,,,,,,,,,,,,,,,,,,,,,,,,,,,,,,,,,,,,,,,,,,,,,,,,,,,,,,,,,,,,,,,,,40253.0,251530.0,232003.0,,,,,,,,,,,,,,,,,,,45376.0,251130.0,232297.0,,,,,,,,,,,,,,,,,,,,,,,,,,,,,,,,,,,,,,,,,,,,,,,,,,,,,,,,,,,,,,,,,,,,,,,,,,,,,,,,,,,,,,,,,,,,,,,,,,,,,,0.0,1.0,0.0,0.0,0.0,0.0,0.0,0.0,0.0,0.0,0.0,0.0,0.0,0.0,0.0,0.0,0.0,0.0,0.0,0.0,0.0,0.0,0.0,0.0,0.0,0.0,0.0,0.0,0.0,0.0,0.0,0.0,0.0,0.0,0.0,0.0,0.0,0.0,0.0,0.0,0.0,0.0,0.0,0.0,0.0,0.0,0.0,0.0,0.0,0.0,0.0,0.0,1.0,0.0,0.0,0.0
COM00334.00,Coal,United States of America,55819.0,18.0,0.0,33.2,4263840.0,4263840.0,3265920.0,,,,,,,,,,,,,,,,,,,4263840.0,4263840.0,3265920.0,,,,,,,,,,,,,,,,,,,,,,,,,,,,,,,,,,,,,,,,,,,,,,,,,,,,,,,,,,,,,,,,,,,,,,,,,,,,,,,,,,,,,,,,,,,,,,,,,,,,,,,,,,,,,,,,,,,,,,,,,,,,,,,,,,,,,,,,,,,,,,,,,,,,,,,,,,,,,,,,,,,,,,,,,,,0.0,0.0,0.0,0.0,0.0,0.0,0.0,0.0,0.0,0.0,0.0,0.0,0.0,0.0,0.0,0.0,0.0,0.0,0.0,0.0,0.0,0.0,0.0,0.0,0.0,0.0,0.0,0.0,0.0,0.0,0.0,0.0,0.0,0.0,0.0,0.0,0.0,0.0,0.0,0.0,0.0,0.0,0.0,1.0,0.0,0.0,0.0,1.0,0.0,0.0,0.0,0.0,0.0,0.0,0.0,0.0
COM00341.00,Coal,United States of America,55819.0,53.0,0.0,33.2,3538080.0,4173120.0,4082400.0,4445280.0,4354560.0,4263840.0,4263840.0,4173120.0,4263840.0,3810240.0,3538080.0,3265920.0,3084480.0,3175200.0,3538080.0,3628800.0,3356640.0,2358720.0,2268000.0,1179360.0,,3538080.0,4173120.0,4082400.0,4445280.0,4354560.0,4263840.0,4263840.0,4173120.0,4263840.0,3810240.0,3538080.0,3265920.0,3084480.0,3175200.0,3538080.0,3628800.0,3356640.0,2358720.0,2268000.0,1179360.0,,,,,,,,,,,,,,,,,,,,,,,,,,,,,,,,,,,,,,,,,,,,,,,,,,,,,,,,,,,,,,,,,,,,,,,,,,,,,,,,,,,,,,,,,,,,,,,138620160.0,135082080.0,130908960.0,126826560.0,122381280.0,118026720.0,113762880.0,109499040.0,105325920.0,101062080.0,97251840.0,93713760.0,90447840.0,87363360.0,84188160.0,80650080.0,77021280.0,73664640.0,71305920.0,69037920.0,,,,,,,,,,,,,,,,,,,,,,,,,,,,,,,,,,,,,,,,0.0,0.0,0.0,0.0,0.0,0.0,0.0,0.0,0.0,0.0,0.0,0.0,0.0,0.0,0.0,0.0,0.0,0.0,0.0,0.0,0.0,0.0,0.0,0.0,0.0,0.0,0.0,0.0,0.0,0.0,0.0,0.0,0.0,0.0,0.0,0.0,0.0,0.0,0.0,0.0,0.0,0.0,0.0,1.0,0.0,0.0,0.0,1.0,0.0,0.0,0.0,0.0,0.0,0.0,0.0,0.0
COM00383.00,Iron,Mexico,9018.86,10.0,0.0,145.86,,,,,,,,,,,,,,,,,,,,,,,,,,,,,,,,,,,,,,,,,,,,,,,,,,,,,1800000.0,2000000.0,2150000.0,2200000.0,2300000.0,1700000.0,0.0,1800000.0,1600000.0,300000.0,,,,,,,,,,,,,,,,,,,,,,,,,,,,,,,,,,,,,,,,,,,,,,,,,,,,,,,,,,,,,,,,,,,,,,,,,,,,,,,,,,,,,,,,,,,,,,,,,,,,,,,,,,,,,,,,,,,,,,,,,,,,,,,,,,,,,0.0,0.0,0.0,0.0,0.0,0.0,0.0,0.0,0.0,0.0,0.0,0.0,0.0,0.0,0.0,0.0,0.0,0.0,0.0,0.0,0.0,0.0,0.0,0.0,0.0,0.0,1.0,0.0,0.0,0.0,0.0,0.0,0.0,0.0,0.0,0.0,0.0,0.0,0.0,0.0,0.0,0.0,0.0,0.0,0.0,0.0,0.0,0.0,0.0,0.0,1.0,0.0,0.0,0.0,0.0,0.0
COM00390.00,Iron,United States of America,55819.0,53.0,0.0,36.19,,,,,,,,,,,,,,,,,,,,,,,,,,,,,,,,,,,,,,,,,,,7600000.0,5791468.0,3657769.0,5283444.0,5486654.0,4877026.0,4978630.0,4978630.0,4673816.0,,,,,3048141.0,4369002.0,3048141.0,2844932.0,,,,,,,,,,,,,,,,,,,,,,,,,,,,,,,,,,,,,,,,,,,,,,,,,,,,,,,,,,,,,,,,,,,,,,,,,,,,,,,,,,,,,,,,,,,,,,,,,,,,,,,,,,,,,,,,,,,,,,,,,,,,,,,,,,,,,,,,0.0,0.0,0.0,0.0,0.0,0.0,0.0,0.0,0.0,0.0,0.0,0.0,0.0,0.0,0.0,0.0,0.0,0.0,0.0,0.0,0.0,0.0,0.0,0.0,0.0,0.0,0.0,0.0,0.0,0.0,0.0,0.0,0.0,0.0,0.0,0.0,0.0,0.0,0.0,0.0,0.0,0.0,0.0,1.0,0.0,0.0,0.0,0.0,0.0,0.0,1.0,0.0,0.0,0.0,0.0,0.0
COM00403.00,Iron,Australia,56861.95,10.0,0.0,151.08,,,,,,,,,,,,,,,,,,,,,,,,,,,,,,,,,,,,,,,,,,,,,,,,,,,,,,,1646000.0,2467000.0,2735000.0,3512000.0,3895000.0,3291000.0,3507000.0,2473000.0,2325000.0,,,,,,,,,,,,300000.0,2368000.0,2532000.0,2917000.0,4233000.0,4595000.0,1899000.0,4085000.0,1892000.0,0.0,,,,,,,,,,,,300000.0,2368000.0,2532000.0,2917000.0,4233000.0,4595000.0,1899000.0,4085000.0,1892000.0,0.0,,,,,,,,,,,,,,,,,,,,,,,,,,,,,,,,,,,,,,,,,,,,,,,,,,,,,,,,,,,,,,,,,,,,,,,,,,,,,,,,785680.0,1662860.0,2149000.0,1673000.0,2202000.0,1973000.0,658000.0,1659000.0,252000.0,,0.0,1.0,0.0,0.0,0.0,0.0,0.0,0.0,0.0,0.0,0.0,0.0,0.0,0.0,0.0,0.0,0.0,0.0,0.0,0.0,0.0,0.0,0.0,0.0,0.0,0.0,0.0,0.0,0.0,0.0,0.0,0.0,0.0,0.0,0.0,0.0,0.0,0.0,0.0,0.0,0.0,0.0,0.0,0.0,0.0,0.0,0.0,0.0,0.0,0.0,1.0,0.0,0.0,0.0,0.0,0.0
COM00502.00,Coal,Australia,56861.95,33.0,0.0,33.2,6498000.0,7252000.0,4880000.0,5050000.0,5718000.0,5424000.0,5220000.0,4924000.0,4220000.0,5524000.0,4796000.0,5434000.0,2822000.0,5046000.0,5930000.0,6588000.0,2658000.0,,,,,6498000.0,7252000.0,4880000.0,5050000.0,5718000.0,5424000.0,5220000.0,4924000.0,4220000.0,5524000.0,4796000.0,5434000.0,2822000.0,5046000.0,5930000.0,6588000.0,2658000.0,,,,,,,,,,,,,,,,,,,,,,,,,,,,,,,,,,,,,,,,,,,,,,,,,,,,,,,,,,,,,,,,,,,,,,,,,,,,,,,,,,,,,,,,,,,,,,,,,,88444000.0,83566000.0,78476000.0,73596000.0,68546000.0,62828000.0,57404000.0,52184000.0,47260000.0,43040000.0,37516000.0,32720000.0,27286000.0,24464000.0,19418000.0,13488000.0,6900000.0,,,,,,,,,,,,,,,,,,,,,,,,,,,,,,,,,,,,,,,,,,,0.0,1.0,0.0,0.0,0.0,0.0,0.0,0.0,0.0,0.0,0.0,0.0,0.0,0.0,0.0,0.0,0.0,0.0,0.0,0.0,0.0,0.0,0.0,0.0,0.0,0.0,0.0,0.0,0.0,0.0,0.0,0.0,0.0,0.0,0.0,0.0,0.0,0.0,0.0,0.0,0.0,0.0,0.0,0.0,0.0,0.0,0.0,1.0,0.0,0.0,0.0,0.0,0.0,0.0,0.0,0.0
COM00549.00,Coal,United States of America,55819.0,46.0,0.0,43.21,,635040.0,453600.0,,,,,,,,,,,,,,,,,,,,635040.0,453600.0,,,,,,,,,,,,,,,,,,,,,,,,,,,,,,,,,,,,,,,,,,,,,,,,,,,,,,,,,,,,,,,,,,,,,,,,,,,,,,,,,,,,,,,,,,,,,,,,,,,,,,,,,,,,,,,,,,,,,,,,,,,,,,,,,,,,,,,,,,,,,,,,,,,,,,,,,,,,,,,,,,,,,,,,,,,0.0,0.0,0.0,0.0,0.0,0.0,0.0,0.0,0.0,0.0,0.0,0.0,0.0,0.0,0.0,0.0,0.0,0.0,0.0,0.0,0.0,0.0,0.0,0.0,0.0,0.0,0.0,0.0,0.0,0.0,0.0,0.0,0.0,0.0,0.0,0.0,0.0,0.0,0.0,0.0,0.0,0.0,0.0,1.0,0.0,0.0,0.0,1.0,0.0,0.0,0.0,0.0,0.0,0.0,0.0,0.0
COM00593.00,Coal,United States of America,55819.0,32.0,0.0,43.21,,6475594.0,6445656.0,6769526.0,5854162.0,6325906.0,6168053.0,6149002.0,5891357.0,4619462.0,3783931.0,3830198.0,3835642.0,4516042.0,4767336.0,3045470.0,3324888.0,,,,,,6475594.0,6445656.0,6769526.0,5854162.0,6325906.0,6168053.0,6149002.0,5891357.0,4619462.0,3783931.0,3830198.0,3835642.0,4516042.0,4767336.0,3045470.0,3324888.0,,,,,,,,,,,,,,,,,,,,,,,,,,,,,,,,,,,,,,,,,,,,,,,,,,,,,,,,,,,,,,,,,,,,,,,,,,,,,,,,,,,,,,,,,,,,,,,,,,,,,,,,,,,,,,,,,,,,,,,,,,,,,,,,,,,,,,,,,,,,,,,,,,,,,,,,,,,,,0.0,0.0,0.0,0.0,0.0,0.0,0.0,0.0,0.0,0.0,0.0,0.0,0.0,0.0,0.0,0.0,0.0,0.0,0.0,0.0,0.0,0.0,0.0,0.0,0.0,0.0,0.0,0.0,0.0,0.0,0.0,0.0,0.0,0.0,0.0,0.0,0.0,0.0,0.0,0.0,0.0,0.0,0.0,1.0,0.0,0.0,0.0,1.0,0.0,0.0,0.0,0.0,0.0,0.0,0.0,0.0
COM00705.00,Gold,Canada,43833.79,9.0,0.0,1008.67,,,,,,,,,,,,,,,,,,,,,,,,,,,,,,,,,,,,,,,,,,,,,,,,,,,,,,,,,,,,,,,,,,,,,,,,,299430.0,551739.0,620712.0,640306.0,640422.0,638800.0,559926.0,592683.0,398248.0,311013.0,,,,,,,,,,,,299430.0,551739.0,620712.0,640306.0,640422.0,638800.0,559926.0,592683.0,398248.0,311013.0,,,,,,,,,,,,,,,,,,,,,,,,,,,,,,,,,,,,,,,,,,,,,,,,,,,,,,,,,,,,,,,,,,,,,,,,,,,,,,,,,,,,,,,,,,,,0.0,0.0,0.0,0.0,0.0,1.0,0.0,0.0,0.0,0.0,0.0,0.0,0.0,0.0,0.0,0.0,0.0,0.0,0.0,0.0,0.0,0.0,0.0,0.0,0.0,0.0,0.0,0.0,0.0,0.0,0.0,0.0,0.0,0.0,0.0,0.0,0.0,0.0,0.0,0.0,0.0,0.0,0.0,0.0,0.0,0.0,0.0,0.0,0.0,1.0,0.0,0.0,0.0,0.0,0.0,0.0
COM00723.00,Coal,United States of America,55819.0,4.0,0.0,69.16,,,,,,,,,,,,,,,,,272160.0,362880.0,,,,,,,,,,,,,,,,,,,,272160.0,362880.0,,,,,,,,,,,,,,,,,,,,,,,,,,,,,,,,,,,,,,,,,,,,,,,,,,,,,,,,,,,,,,,,,,,,,,,,,,,,,,,,,,,,,,,,,,,,,,,,,,,,,,,,,,,,,,,,,,,,,,,,,,,,,,,,,,,,,,,,,,,,,,,,,,,,,,,,,,,,0.0,0.0,0.0,0.0,0.0,0.0,0.0,0.0,0.0,0.0,0.0,0.0,0.0,0.0,0.0,0.0,0.0,0.0,0.0,0.0,0.0,0.0,0.0,0.0,0.0,0.0,0.0,0.0,0.0,0.0,0.0,0.0,0.0,0.0,0.0,0.0,0.0,0.0,0.0,0.0,0.0,0.0,0.0,1.0,0.0,0.0,0.0,1.0,0.0,0.0,0.0,0.0,0.0,0.0,0.0,0.0
COM00777.00,Gold,Guatemala,13027.27,12.0,0.0,507.23,,,,,,,,,,,,,,,,,,,,,,,,,,,,,,,,,,,,,,,,,,,,,,,,,,,,,,,,,,,,,,,,,,,,,116000.0,1088800.0,1772600.0,1845000.0,2161000.0,1599700.0,1685600.0,1936300.0,1941900.0,1933900.0,1310000.0,1006000.0,,,,,,,,,,116000.0,1088800.0,1772600.0,1845000.0,2161000.0,1599700.0,1685600.0,1936300.0,1941900.0,1933900.0,1310000.0,1006000.0,,,,,,,,,,,,,,,,,,,,,,,,,,,,,,,,,,,,,,,,,,,,,,,,,,,,,,,,,,,,,,,,,,,,,,,,,,,,,,,,,,,,,,,,,,,,,,0.0,0.0,0.0,0.0,0.0,0.0,0.0,0.0,0.0,0.0,0.0,0.0,0.0,0.0,0.0,1.0,0.0,0.0,0.0,0.0,0.0,0.0,0.0,0.0,0.0,0.0,0.0,0.0,0.0,0.0,0.0,0.0,0.0,0.0,0.0,0.0,0.0,0.0,0.0,0.0,0.0,0.0,0.0,0.0,0.0,0.0,0.0,0.0,0.0,1.0,0.0,0.0,0.0,0.0,0.0,0.0
COM00815.00,Coal,United States of America,55819.0,12.0,0.0,63.29,,,,,272160.0,1088640.0,816480.0,544320.0,1723680.0,2903040.0,2721600.0,2540160.0,2630880.0,1995840.0,1905120.0,1905120.0,,,,,,,,,,272160.0,1088640.0,816480.0,544320.0,1723680.0,2903040.0,2721600.0,2540160.0,2630880.0,1995840.0,1905120.0,1905120.0,,,,,,,,,,,,,,,,,,,,,,,,,,,,,,,,,,,,,,,,,,,,,,,,,,,,,,,,,,,,,,,,,,,,,,,,,,,,,,,,,,,,,,,,,,,,,,,,,,,,,,,,,,,,,,,,,,,,,,,,,,,,,,,,,,,,,,,,,,,,,,,,,,,,,,,,,,,,,,0.0,0.0,0.0,0.0,0.0,0.0,0.0,0.0,0.0,0.0,0.0,0.0,0.0,0.0,0.0,0.0,0.0,0.0,0.0,0.0,0.0,0.0,0.0,0.0,0.0,0.0,0.0,0.0,0.0,0.0,0.0,0.0,0.0,0.0,0.0,0.0,0.0,0.0,0.0,0.0,0.0,0.0,0.0,1.0,0.0,0.0,0.0,1.0,0.0,0.0,0.0,0.0,0.0,0.0,0.0,0.0
COM00868.00,Coal,United States of America,55819.0,9.0,0.0,95.29,,,,,,,,,,,1542240.0,1995840.0,926251.0,220450.0,0.0,0.0,0.0,5443.0,48989.0,,,,,,,,,,,,,1542240.0,1995840.0,926251.0,220450.0,0.0,0.0,0.0,5443.0,48989.0,,,,,,,,,,,,,,,,,,,,,,,,,,,,,,,,,,,,,,,,,,,,,,,,,,,,,,,,,,,,,,,,,,,,,,,,,,,,,,,,,,,,,,,,,,,,,,,,,,,,,,,,,,,,,,,,,,,,,,,,,,,,,,,,,,,,,,,,,,,,,,,,,,,,,,,,,,,0.0,0.0,0.0,0.0,0.0,0.0,0.0,0.0,0.0,0.0,0.0,0.0,0.0,0.0,0.0,0.0,0.0,0.0,0.0,0.0,0.0,0.0,0.0,0.0,0.0,0.0,0.0,0.0,0.0,0.0,0.0,0.0,0.0,0.0,0.0,0.0,0.0,0.0,0.0,0.0,0.0,0.0,0.0,1.0,0.0,0.0,0.0,1.0,0.0,0.0,0.0,0.0,0.0,0.0,0.0,0.0
COM00924.00,Coal,Australia,56861.95,33.0,0.0,33.2,4138000.0,3656000.0,4146000.0,4322000.0,4688000.0,5760000.0,5324000.0,5700000.0,4052000.0,3968000.0,3740000.0,2110000.0,2350000.0,,,,,,,,,4138000.0,3656000.0,4146000.0,4322000.0,4688000.0,5760000.0,5324000.0,5700000.0,4052000.0,3968000.0,3740000.0,2110000.0,2350000.0,,,,,,,,,,,,,,,,,,,,,,,,,,,,,,,,,,,,,,,,,,,,,,,,,,,,,,,,,,,,,,,,,,,,,,,,,,,,,,,,,,,,,,,,,,,,,,,,,,,,,,282954000.0,278816000.0,275160000.0,271014000.0,266692000.0,262004000.0,256244000.0,250920000.0,245220000.0,241168000.0,237200000.0,233460000.0,231350000.0,,,,,,,229000000.0,,,,,,,,,,,,,,,,,,,,,,,,,,,,,,,,,,,,,,,,0.0,1.0,0.0,0.0,0.0,0.0,0.0,0.0,0.0,0.0,0.0,0.0,0.0,0.0,0.0,0.0,0.0,0.0,0.0,0.0,0.0,0.0,0.0,0.0,0.0,0.0,0.0,0.0,0.0,0.0,0.0,0.0,0.0,0.0,0.0,0.0,0.0,0.0,0.0,0.0,0.0,0.0,0.0,0.0,0.0,0.0,0.0,1.0,0.0,0.0,0.0,0.0,0.0,0.0,0.0,0.0
COM00931.00,Coal,Canada,43833.79,29.0,0.0,43.21,,1400000.0,1400000.0,400000.0,0.0,0.0,0.0,0.0,0.0,300000.0,900000.0,1000000.0,200000.0,100000.0,,,,,,,,,1400000.0,1400000.0,400000.0,0.0,0.0,0.0,0.0,0.0,300000.0,900000.0,1000000.0,200000.0,100000.0,,,,,,,,,,,,,,,,,,,,,,,,,,,,,,,,,,,,,,,,,,,,,,,,,,,,,,,,,,,,,,,,,,,,,,,,,,,,,,,,,,,,,,,,,,,,,,,,,,,,,,,,,,,,,,,,,,,,,,,,,,,,,,,,,,,,,,,,,,,,,,,,,,,,,,,,,,,,,,,,0.0,0.0,0.0,0.0,0.0,1.0,0.0,0.0,0.0,0.0,0.0,0.0,0.0,0.0,0.0,0.0,0.0,0.0,0.0,0.0,0.0,0.0,0.0,0.0,0.0,0.0,0.0,0.0,0.0,0.0,0.0,0.0,0.0,0.0,0.0,0.0,0.0,0.0,0.0,0.0,0.0,0.0,0.0,0.0,0.0,0.0,0.0,1.0,0.0,0.0,0.0,0.0,0.0,0.0,0.0,0.0
COM00965.00,Coal,United States of America,55819.0,36.0,0.0,33.2,2086560.0,1723680.0,1723680.0,1632960.0,2268000.0,1542240.0,1451520.0,1270080.0,2449440.0,2268000.0,1542240.0,1995840.0,2177280.0,2358720.0,2358720.0,2177280.0,1723680.0,,,,,2086560.0,1723680.0,1723680.0,1632960.0,2268000.0,1542240.0,1451520.0,1270080.0,2449440.0,2268000.0,1542240.0,1995840.0,2177280.0,2358720.0,2358720.0,2177280.0,1723680.0,,,,,,,,,,,,,,,,,,,,,,,,,,,,,,,,,,,,,,,,,,,,,,,,,,,,,,,,,,,,,,,,,,,,,,,,,,,,,,,,,,,,,,,,,,,,,,,,,,78563520.0,76476960.0,74753280.0,73029600.0,71396640.0,69128640.0,67586400.0,66134880.0,64864800.0,62415360.0,60147360.0,58605120.0,56609280.0,54432000.0,52073280.0,49714560.0,47537280.0,,,,,,,,,,,,,,,,,,,,,,,,,,,,,,,,,,,,,,,,,,,0.0,0.0,0.0,0.0,0.0,0.0,0.0,0.0,0.0,0.0,0.0,0.0,0.0,0.0,0.0,0.0,0.0,0.0,0.0,0.0,0.0,0.0,0.0,0.0,0.0,0.0,0.0,0.0,0.0,0.0,0.0,0.0,0.0,0.0,0.0,0.0,0.0,0.0,0.0,0.0,0.0,0.0,0.0,1.0,0.0,0.0,0.0,1.0,0.0,0.0,0.0,0.0,0.0,0.0,0.0,0.0
COM00980.00,Iron,Australia,56861.95,3.0,0.0,123.34,,,,,,,,,,,,,,,,,,,,,,,,,,,,,,,,,,,,,,,,,,,,,,,,,,,,,,,,,,,,,,,,,,,,,,,,,,,,,464000.0,4339000.0,1678000.0,,,,,,,,,,,,,,,,,,,464000.0,4339000.0,1678000.0,,,,,,,,,,,,,,,,,,,,,,,,,,,,,,,,,,,,,,,,,,,,,,,,,,,,,,,,,,,,,,,,,,,,,,,,,,,,,,,,,,,,,,,,,,,,,,,0.0,1.0,0.0,0.0,0.0,0.0,0.0,0.0,0.0,0.0,0.0,0.0,0.0,0.0,0.0,0.0,0.0,0.0,0.0,0.0,0.0,0.0,0.0,0.0,0.0,0.0,0.0,0.0,0.0,0.0,0.0,0.0,0.0,0.0,0.0,0.0,0.0,0.0,0.0,0.0,0.0,0.0,0.0,0.0,0.0,0.0,0.0,0.0,0.0,0.0,1.0,0.0,0.0,0.0,0.0,0.0
COM01077.00,Gold,New Zealand,40902.1,9.0,0.0,730.09,,,,,,,,,,,,,,,,,,,,,,,,,,,,,,,,,,,,,,,,,,,,,,,,,,,,,,,,,,,,,,,,,,,,,,,601612.0,1192954.0,1278176.0,1622881.0,1771353.0,1643120.0,1478349.0,1430599.0,1787075.0,201512.0,,,,,,,,,,,,601612.0,1192954.0,1278176.0,1622881.0,1771353.0,1643120.0,1478349.0,1430599.0,1787075.0,201512.0,,,,,,,,,,,,,,,,,,,,,,,,,,,,,,,,,,,,,,,,,,,,,,,,,,,,,,,,,,,,,,,,,,,,,,,,,,,,,,,,,,,,,,,,,,,,,,0.0,0.0,0.0,0.0,0.0,0.0,0.0,0.0,0.0,0.0,0.0,0.0,0.0,0.0,0.0,0.0,0.0,0.0,0.0,0.0,0.0,0.0,0.0,0.0,0.0,0.0,0.0,0.0,0.0,1.0,0.0,0.0,0.0,0.0,0.0,0.0,0.0,0.0,0.0,0.0,0.0,0.0,0.0,0.0,0.0,0.0,0.0,0.0,0.0,1.0,0.0,0.0,0.0,0.0,0.0,0.0
COM01254.00,Iron,Australia,56861.95,12.0,0.0,44.57,,,,,,,,,,,,,,,,,,,,,,,,,,,,,,,,,,,,,,,,,,,,,,,517000.0,1953000.0,1350000.0,2711000.0,2005000.0,2620000.0,3372000.0,3066000.0,2133000.0,2404000.0,2516000.0,,,,,,,,,,,534000.0,1935000.0,1122000.0,2932000.0,3841000.0,2388000.0,3806000.0,2597000.0,1949000.0,2146000.0,2162000.0,,,,,,,,,,,534000.0,1935000.0,1122000.0,2932000.0,3841000.0,2388000.0,3806000.0,2597000.0,1949000.0,2146000.0,2162000.0,,,,,,,,,,,,,,,,,,,,,,,,,,,,,,,,,,,,,,,,,,,,,,,,,,,,,,,,,,,,,,,,,,,,,,,,,,,,,,,2034960.0,4631120.0,8009300.0,11712000.0,12186580.0,9179280.0,9540400.0,9984480.0,7043060.0,6115000.0,4009000.0,,,,,,,0.0,1.0,0.0,0.0,0.0,0.0,0.0,0.0,0.0,0.0,0.0,0.0,0.0,0.0,0.0,0.0,0.0,0.0,0.0,0.0,0.0,0.0,0.0,0.0,0.0,0.0,0.0,0.0,0.0,0.0,0.0,0.0,0.0,0.0,0.0,0.0,0.0,0.0,0.0,0.0,0.0,0.0,0.0,0.0,0.0,0.0,0.0,0.0,0.0,0.0,1.0,0.0,0.0,0.0,0.0,0.0
COM01345.00,Iron,Canada,43833.79,49.0,0.0,36.19,,,,,,,,,,,,,,,,,,,,,,,,,,,,,,,,,,,,,,,,,,,5900000.0,4470607.0,4572212.0,5283444.0,3860979.0,4978630.0,4165793.0,4673816.0,4267397.0,,,,,2844932.0,304814.0,,,,,,,,,,,,,,,,,,,,,,,,,,,,,,,,,,,,,,,,,,,,,,,,,,,,,,,,,,,,,,,,,,,,,,,,,,,,,,,,,,,,,,,,,,,,,,,,,,,,,,,,,,,,,,,,,,,,,,,,,,,,,,,,,,,,,,,,,,0.0,0.0,0.0,0.0,0.0,1.0,0.0,0.0,0.0,0.0,0.0,0.0,0.0,0.0,0.0,0.0,0.0,0.0,0.0,0.0,0.0,0.0,0.0,0.0,0.0,0.0,0.0,0.0,0.0,0.0,0.0,0.0,0.0,0.0,0.0,0.0,0.0,0.0,0.0,0.0,0.0,0.0,0.0,0.0,0.0,0.0,0.0,0.0,0.0,0.0,1.0,0.0,0.0,0.0,0.0,0.0
COM01365.00,Coal,Australia,56861.95,20.0,0.0,55.48,,,,,,,780000.0,895000.0,751000.0,787000.0,802000.0,907000.0,97000.0,,,,,,,,,,,,,,,780000.0,895000.0,751000.0,787000.0,802000.0,907000.0,97000.0,,,,,,,,,,,,,,,,,,,,,,,,,,,,,,,,,,,,,,,,,,,,,,,,,,,,,,,,,,,,,,,,,,,,,,,,,,,,,,,,,,,,,,,,,,,,,,,,,,,,,,,,,,,,,,,,,,,,,,,,,,,,,,,,,,,,,,,,,,,,,,,,,,,,,,,,,,,,,,,,,0.0,1.0,0.0,0.0,0.0,0.0,0.0,0.0,0.0,0.0,0.0,0.0,0.0,0.0,0.0,0.0,0.0,0.0,0.0,0.0,0.0,0.0,0.0,0.0,0.0,0.0,0.0,0.0,0.0,0.0,0.0,0.0,0.0,0.0,0.0,0.0,0.0,0.0,0.0,0.0,0.0,0.0,0.0,0.0,0.0,0.0,0.0,1.0,0.0,0.0,0.0,0.0,0.0,0.0,0.0,0.0
COM01369.00,Coal,Canada,43833.79,54.0,0.0,67.27,,,,,,,,300000.0,1000000.0,900000.0,200000.0,,,,,,,,,,,,,,,,,,300000.0,1000000.0,900000.0,200000.0,,,,,,,,,,,,,,,,,,,,,,,,,,,,,,,,,,,,,,,,,,,,,,,,,,,,,,,,,,,,,,,,,,,,,,,,,,,,,,,,,,,,,,,,,,,,,,,,,,,,,,,,,,,,,,,,,,,,,,,,,,,,,,,,,,,,,,,,,,,,,,,,,,,,,,,,,,,,,,,,,,,0.0,0.0,0.0,0.0,0.0,1.0,0.0,0.0,0.0,0.0,0.0,0.0,0.0,0.0,0.0,0.0,0.0,0.0,0.0,0.0,0.0,0.0,0.0,0.0,0.0,0.0,0.0,0.0,0.0,0.0,0.0,0.0,0.0,0.0,0.0,0.0,0.0,0.0,0.0,0.0,0.0,0.0,0.0,0.0,0.0,0.0,0.0,1.0,0.0,0.0,0.0,0.0,0.0,0.0,0.0,0.0
