id,facility_id,year,material,commodity,mineral_value_tonnes,commodity_value_tonnes,grade_ppm
1,COM00001.00,2019,O.bulk,Me.Ag,3552000,,
2,COM00001.00,2019,O.bulk,Me.Au,3552000,,
3,COM00001.00,2019,O.bulk,Me.Cu,3552000,,
4,COM00001.00,2019,O.bulk,Me.Zn,3552000,,
5,COM00002.00,2019,O.Fe,Me.Fe,56300000,,
6,COM00003.00,2017,F.sbc,,25006968,,
7,COM00007.00,2018,O.Au,Me.Au,10730000,48.194189321,4.932516309412861
8,COM00007.00,2018,O.Au,Nm.S,8760000,370584.96629,42636.98630136986
9,COM00009.00,2019,O.Au,Me.Au,171000000,273.28940172,1.5949673814296959
10,COM00013.00,2018,O.bulk,Me.Ag,1148000000,,
11,COM00013.00,2018,O.bulk,Me.Au,1148000000,,
12,COM00013.00,2018,O.bulk,Me.Cu,1148000000,,
13,COM00015.00,2019,O.bulk,Me.Cu,1399000000,,
14,COM00015.00,2019,O.bulk,Me.Mo,1399000000,,
15,COM00016.00,2019,O.Au,Me.Au,60800000,73.14176934,1.2160453342605264
16,COM00017.00,2019,O.Al,Me.Al2O3,188724510.19592163,,
17,COM00017.00,2019,O.Al,Nm.SiO2,188724510.19592163,,
18,COM00024.00,2018,O.bulk,Me.Ag,2500000,,
19,COM00024.00,2018,O.bulk,Me.Cu,2500000,,
20,COM00024.00,2018,O.bulk,Me.Pb,2500000,,
21,COM00024.00,2018,O.bulk,Me.Zn,2500000,,
22,COM00033.00,2018,O.pgm,Me.pgm,103500000,428.07779926300003,4.54
23,COM00035.00,2019,M.lat,Me.Co,124500000,99600,800
24,COM00035.00,2019,M.lat,Me.Ni,124500000,1096000,8800
25,COM00041.00,2018,O.Cu,Me.Cu,1163000000,8000000,6899.999999999999
26,COM00048.00,2018,O.bulk,Me.Ag,489100000,,
27,COM00048.00,2018,O.bulk,Me.Cu,489100000,,
28,COM00048.00,2018,O.bulk,Me.Mo,279500000,,
29,COM00048.00,2018,O.bulk,Me.Zn,209600000,,
30,COM00050.00,2013,O.bulk,Me.Au,37547,,
31,COM00051.00,2019,O.bulk,Me.Au,600000,0.2438058978,0.4
32,COM00051.00,2019,O.bulk,Me.Cu,600000,5900,9000
33,COM00052.00,2018,F.coal,,428561280,,
34,COM00054.00,2019,O.Cu,Me.Cu,687000000,,
35,COM00055.00,2020,F.coal,,198000000,,
36,COM00056.00,2013,O.P,Nm.PO,132100000,,
37,COM00066.00,2010,F.coal,,13426560,,
38,COM00067.00,2017,O.dig,Nm.dia,16000000,,
39,COM00072.00,2018,O.Cu,Me.Cu,,161181,31700
40,COM00082.00,2019,O.Mn,Me.Mn,13100000,,
41,COM00084.00,2019,O.bulk,Me.Ag,2510000000,,
42,COM00084.00,2019,O.bulk,Me.Cu,2535000000,,
43,COM00084.00,2019,O.bulk,Me.Mo,2510000000,,
44,COM00086.00,2019,O.Au,Me.Au,32700000,19.759617531000004,0.6688379204892967
45,COM00087.00,2019,F.coal,,135000000,,
46,COM00088.00,2007,O.Au,Me.Au,128093000,86.72119085700001,0.6803885551200001
47,COM00088.00,2018,O.Au,Me.Au,66650000,38.186807481,0.6
48,COM00092.00,2014,O.Nb,Me.Nb,1100000,,
49,COM00093.00,2019,F.coal,,1150000000,,
50,COM00095.00,2019,F.coal,,30000000,,
51,COM00100.00,2018,O.Ni,Me.Ni,52000000,682000,13100
52,COM00104.00,2015,O.bulk,Me.Ag,658350515.4639175,523.7355176907217,0.8058260943560288
53,COM00104.00,2015,O.bulk,Me.Au,658350515.4639175,156.06850806185568,0.22834994844361725
54,COM00104.00,2015,O.bulk,Me.Cu,658350515.4639175,2440981.62,
55,COM00107.00,2013,O.P,Nm.PO,415900000,,
56,COM00109.00,2019,F.stc,,212284800,,
57,COM00110.00,2018,O.Au,Me.Au,14300000,34.8699134499,2.676223776223776
58,COM00113.00,2019,F.coc,,23133600,,
59,COM00114.00,2019,O.Fe,Me.Fe,44870000,,
60,COM00118.00,2018,F.obc,,5670907.2,,
61,COM00122.00,2019,O.Mn,Me.Mn,12130000,,
62,COM00128.00,2017,F.lig,,4570473.600000001,,
63,COM00130.00,2005,O.Au,Me.Au,4300000,2.8349523130000005,0.8504856939000002
64,COM00133.00,2018,O.bulk,Me.Ag,619000000,,
65,COM00133.00,2018,O.bulk,Me.Au,619000000,,
66,COM00133.00,2018,O.bulk,Me.Cu,619000000,,
67,COM00133.00,2018,O.bulk,Me.Mo,619000000,,
68,COM00134.00,2019,F.coal,,77000000,,
69,COM00135.00,2010,F.coal,,6985440,,
70,COM00139.00,2009,O.bulk,Me.Cu,7700000,,
71,COM00139.00,2009,O.bulk,Me.Pb,7700000,,
72,COM00139.00,2009,O.bulk,Me.Zn,7700000,,
73,COM00139.00,2019,O.bulk,Me.Ag,7700000,,
74,COM00139.00,2019,O.bulk,Me.Pb,61400000,,
75,COM00139.00,2019,O.bulk,Me.Zn,61400000,,
76,COM00140.00,2019,O.Mn,Me.Mn,292900000,,
77,COM00141.00,2019,F.stc,,678313440,,
78,COM00143.00,2019,F.coal,,419000000,,
79,COM00144.00,2020,F.stc,,24500000,,
80,COM00145.00,2018,O.Au,Me.Au,15300000,59.50564904987001,4.3
81,COM00150.00,2019,O.Al,Me.Al2O3,2540000,,
82,COM00150.00,2019,O.Al,Nm.SiO2,2540000,,
83,COM00151.00,2017,O.bulk,Me.Au,651000000,358.62146595,0.558934146503149
84,COM00151.00,2017,O.bulk,Me.Cu,651000000,607813.7758,
85,COM00153.00,2019,F.coal,,1700000000,,
86,COM00157.00,2019,O.bulk,Me.Ag,7925000,141.74761565,19
87,COM00157.00,2019,O.bulk,Me.Au,7925000,1.814369472,0.25
88,COM00157.00,2019,O.bulk,Me.Cu,7925000,68038.8555,8600
89,COM00160.00,2020,F.coal,,97000000,,
90,COM00163.00,2019,O.bulk,Me.Ag,864100000,,
91,COM00163.00,2019,O.bulk,Me.Au,864100000,,
92,COM00163.00,2019,O.bulk,Me.Cu,864100000,,
93,COM00163.00,2019,O.bulk,Me.Mo,864100000,,
94,COM00164.00,2019,O.bulk,Me.Ag,11700000,,
95,COM00164.00,2019,O.bulk,Me.Au,11700000,,
96,COM00164.00,2019,O.bulk,Me.Cu,11700000,,
97,COM00170.00,2019,F.coc,,181000000,,
98,COM00176.00,2019,F.coal,,108000000,,
99,COM00177.00,2017,F.obc,,14759236.8,,
100,COM00178.00,2018,O.sul,Me.Cu,4102003000,,
101,COM00178.00,2018,O.sul,Me.Mo,4102003000,,
102,COM00180.00,2018,O.Au,Me.Au,10336463.223787168,77.50644238028168,8.23
103,COM00183.00,2018,O.Au,Me.Au,14200000,55.139822487850005,4.3
104,COM00186.00,2018,O.Au,Me.Au,10668231.611893583,8.739993788732395,0.8999999999999999
105,COM00189.00,2019,F.stc,,410961600,,
106,COM00190.00,2018,O.bulk,Me.Ag,1400000000,1020.58283268,0.78
107,COM00190.00,2018,O.bulk,Me.Au,1480000000,635.029318112,0.4737837837837838
108,COM00190.00,2018,O.bulk,Me.Cu,1480000000,4330000,2989.189189189189
109,COM00191.00,2018,F.obc,,2132827.2,,
110,COM00192.00,2019,O.bulk,Me.Fe,11461000,,
111,COM00192.00,2019,O.bulk,Me.Ni,11461000,165030,14400
112,COM00192.00,2019,O.Fe,Me.Ni,7862000,97490,12400
113,COM00194.00,2013,O.P,Nm.PO,114400000,,
114,COM00196.00,2019,O.Au,Me.Au,133808000,135.454020894,1.11
115,COM00197.00,2019,O.bulk,Me.Ag,663696000,1077.28187894,2.2438630777886353
116,COM00197.00,2019,O.bulk,Me.Au,663696000,76.543712451,0.12233537643740508
117,COM00197.00,2019,O.bulk,Me.Cu,663696000,3603000,5585.9595356910395
118,COM00198.00,2019,O.bulk,Me.Au,21000000,,
119,COM00198.00,2019,O.bulk,Me.Pb,21000000,,
120,COM00198.00,2019,O.bulk,Me.Zn,21000000,,
121,COM00201.00,2020,F.coc,,84800000,,
122,COM00201.00,2020,F.stc,,9100000,,
123,COM00203.00,2013,F.coal,,26800000,,
124,COM00205.00,2017,O.Au,Me.Au,295300000,420.42342609,1.4191273986193227
125,COM00207.00,2018,O.bulk,Me.Au,316400000,,
126,COM00207.00,2018,O.bulk,Me.Cu,321500000,,
127,COM00208.00,2020,O.Au,Me.Au,33000000,56.699046,1.9
128,COM00210.00,2019,O.Fe,Me.Fe,2828000000,,
129,COM00211.00,2019,O.bulk,Me.Au,1216000,104.04274941,91.5
130,COM00212.00,2011,,Me.Nb,4300000,,
131,COM00213.00,2013,O.P,Nm.PO,52800000,,
132,COM00215.00,2019,F.coc,,347000000,,
133,COM00216.00,2017,O.bulk,Me.Ag,4099999.9999999995,,
134,COM00216.00,2017,O.bulk,Me.Au,4099999.9999999995,,
135,COM00216.00,2017,O.bulk,Me.Zn,4099999.9999999995,,
136,COM00216.00,2017,O.Cu,Me.Cu,4099999.9999999995,,
137,COM00217.00,2018,O.Al,Me.Al2O3,466000000,,
138,COM00219.00,2018,O.Fe,Me.Fe,23700000,,
139,COM00220.00,2019,O.bulk,Me.Au,1829400000,,
140,COM00220.00,2019,O.bulk,Me.Cu,2154900000,,
141,COM00220.00,2019,O.bulk,Me.Mo,1829400000,,
142,COM00221.00,2020,F.coal,,24737010000,,
143,COM00222.00,2012,O.Fe,,709460000,,
144,COM00223.00,2020,O.Au,Me.Au,25615000,61.149921111,2.6233066562561
145,COM00224.00,2015,O.bulk,Me.Ag,2700000,,
146,COM00224.00,2015,O.bulk,Me.Pb,2700000,,
147,COM00224.00,2015,O.bulk,Me.Zn,2700000,,
148,COM00225.00,2019,F.stc,,342000000,,
149,COM00227.00,2018,O.bulk,Me.Ag,2100000,,
150,COM00227.00,2018,O.bulk,Me.Pb,2100000,,
151,COM00227.00,2018,O.bulk,Me.Zn,2100000,,
152,COM00228.00,2019,O.Ni,Me.Ni,32000000,,
153,COM00229.00,2019,O.Au,Me.Ag,1530000,863.554820103,619.2
154,COM00229.00,2019,O.Au,Me.Au,1530000,14.996897667,10.75
155,COM00230.00,2019,O.Au,Me.Au,9300000,73.70875980000001,8.02291504579
156,COM00231.00,2020,O.Fe,Me.Fe,303400000,,
157,COM00232.00,2018,O.Au,Me.Ag,17145945.945945945,1001.5809901496217,64.08
158,COM00232.00,2018,O.Au,Me.Au,17145945.945945945,32.79350243145946,2.1
159,COM00233.00,2019,O.bulk,Me.Ag,4170000000,,
160,COM00233.00,2019,O.bulk,Me.Cu,4265000000,,
161,COM00233.00,2019,O.bulk,Me.Mo,4170000000,,
162,COM00241.00,2019,O.Al,Me.Al2O3,17730000,,
163,COM00241.00,2019,O.Al,Nm.SiO2,17730000,,
164,COM00243.00,2019,O.Mn,Me.Mn,17000000,,
165,COM00244.00,2019,O.bulk,Me.Au,803984000,130.40780639800002,0.13243596887500247
166,COM00244.00,2019,O.bulk,Me.Cu,738789000,1757000,2000
167,COM00245.00,2014,O.P,Nm.PO,112000000,,
168,COM00250.00,2019,O.Cu,Me.Cu,250000,6800,25200
169,COM00253.00,2019,O.bulk,Me.Ag,224000000,,
170,COM00253.00,2019,O.bulk,Me.Au,224000000,,
171,COM00253.00,2019,O.bulk,Me.Cu,324000000,,
172,COM00253.00,2019,O.bulk,Me.Mo,224000000,,
173,COM00254.00,2018,O.Au,Me.Au,6725555.555555555,13.07228005,2.1
174,COM00256.00,2019,F.stc,,17200000,,
175,COM00257.00,2018,O.bulk,Me.Ag,8300000.000000001,,
176,COM00257.00,2018,O.bulk,Me.Cu,8300000.000000001,,
177,COM00257.00,2018,O.bulk,Me.Pb,8300000.000000001,,
178,COM00257.00,2018,O.bulk,Me.Zn,8300000.000000001,,
179,COM00258.00,2018,O.bulk,Me.Ag,8950000,1613.995043436,198
180,COM00258.00,2018,O.bulk,Me.Au,8950000,16.953014754,2.08
181,COM00258.00,2018,O.bulk,Me.Pb,8950000,74000,8199.999999999998
182,COM00258.00,2018,O.bulk,Me.Zn,8950000,112000,12500
183,COM00262.00,2019,O.Ni,Me.Ni,450000,,
184,COM00263.00,2019,F.coal,,86000000,,
185,COM00264.00,2019,,Me.Mo,160000000,,
186,COM00265.00,2019,F.stc,,83643840,,
187,COM00266.00,2017,F.obc,,9759657.6,,
188,COM00267.00,2016,F.stc,,20865600,,
189,COM00269.00,2017,O.Cu,Me.Cu,4300000,,
190,COM00272.00,2018,O.Cu,Me.Cu,3229000000,19100000,5928.12016104057
191,COM00276.00,2018,O.Cu,Me.Cu,3131100000,29140000,9281.983967295839
192,COM00276.00,2018,O.Cu,Me.Mo,3131100000,791000,252.31164766376034
193,COM00280.00,2017,F.sbc,,218714126.4,,
194,COM00281.00,2014,O.bulk,Me.Ag,590847127.5559883,1071.0433226874393,1.7009713878000001
195,COM00281.00,2014,O.bulk,Me.Au,590847127.5559883,356.64638477117825,0.59533998573
196,COM00281.00,2014,O.bulk,Me.Cu,590847127.5559883,1492835.648101266,
197,COM00283.00,2019,O.bulk,Me.Ag,493800000,,
198,COM00283.00,2019,O.bulk,Me.Au,493800000,,
199,COM00283.00,2019,O.bulk,Me.Cu,493800000,,
200,COM00283.00,2019,O.bulk,Me.Mo,493800000,,
201,COM00285.00,2018,O.Au,Me.Au,17200000,4.50757417767,0.3063953488372093
202,COM00286.00,2011,O.P,Nm.PO,239200000,,
203,COM00287.00,2019,F.coc,,29937600,,
204,COM00292.00,2018,F.coal,,258824160,,
205,COM00294.00,2018,O.Au,Me.Au,145054000,247.689782451,1.87
206,COM00297.00,2014,O.Au,Me.Au,41470000,44.083508265,1.17
207,COM00298.00,2019,F.coal,,63141119.99999999,,
208,COM00299.00,2019,O.bulk,Me.Ag,5166000,190.22529933,40
209,COM00299.00,2019,O.bulk,Me.Cu,5166000,78000,15000
210,COM00299.00,2019,O.bulk,Me.Pb,5166000,7000,1300
211,COM00299.00,2019,O.bulk,Me.Zn,5166000,33000,6400
212,COM00302.00,2013,O.Au,Me.Au,182650000,133.5262539423,0.8
213,COM00302.00,2017,O.Au,Me.Au,174200000,98.65634004,0.5731909036519691
214,COM00305.00,2018,O.sul,Me.Cu,1766131000,,
215,COM00305.00,2018,O.sul,Me.Mo,1766131000,,
216,COM00305.00,2019,O.oxi,Me.Cu,1262000,,
217,COM00307.00,2013,F.coal,,17781120,,
218,COM00309.00,2019,F.coal,,238000000,,
219,COM00314.00,2019,O.Al,Me.Al2O3,128199999.99999999,,
220,COM00314.00,2019,O.Al,Nm.SiO2,128199999.99999999,,
221,COM00315.00,2007,O.Au,Me.Au,5208000,18.568937565000002,3.5720399143800003
222,COM00315.00,2020,O.Au,Me.Au,2690000,6.775535997,2.8
223,COM00319.00,2019,F.coal,,99000000,,
224,COM00320.00,2020,F.coc,,73800000,,
225,COM00320.00,2020,F.stc,,63600000,,
226,COM00321.00,2019,O.Mn,Me.Mn,60120000,,
227,COM00322.00,2018,O.Au,Me.Au,15300000,59.50564904987001,4.3
228,COM00326.00,2020,O.bulk,Me.Au,2225000,12.643887258000001,6.199999999999999
229,COM00326.00,2020,O.bulk,Me.Cu,2225000,6900,3000
230,COM00327.00,2020,O.bulk,Me.Au,4200000,5.95339983,1.5999999999999999
231,COM00327.00,2020,O.bulk,Me.Cu,4200000,202000,48595.23809523809
232,COM00332.00,2018,O.dig,Nm.dia,12000000,,
233,COM00333.00,2019,O.Au,Me.Ag,43100000,75.9767219884,1.9394663573085849
234,COM00333.00,2019,O.Au,Me.Au,43100000,35.7203991438,0.904245939675174
235,COM00333.00,2019,O.Au,Me.Cu,43100000,160000,3589.0951276102087
236,COM00338.00,2019,O.bulk,Me.Ag,43700000,,
237,COM00338.00,2019,O.bulk,Me.Au,43700000,,
238,COM00341.00,2019,F.coal,,69037920,,
239,COM00343.00,2018,,Me.Au,216600000,63.61632990372001,0.3314404432132964
240,COM00344.00,2018,O.Au,Me.Au,15000000,94.20546536099002,6.8933333333333335
241,COM00352.00,2018,O.bulk,Me.Ag,28600000,,
242,COM00352.00,2018,O.bulk,Me.Pb,28600000,,
243,COM00352.00,2018,O.bulk,Me.Zn,28600000,,
244,COM00353.00,2010,F.coal,,9797760,,
245,COM00354.00,2013,O.Au,Me.Au,67622950.81967212,76.97360240778688,1.1339809252000002
246,COM00354.00,2020,O.Au,Me.Au,43000000,45.359236800000005,1.1
247,COM00357.00,2018,O.Cu,Me.Cu,,549778,5000
248,COM00359.00,2018,O.Au,Me.Ag,2288000,21.857482233000002,10.5
249,COM00359.00,2018,O.Au,Me.Au,2288000,13.097479626,6.3
250,COM00360.00,2019,O.Cr,Me.Cr2O3,58890000,,
251,COM00363.00,2019,O.bulk,Me.Ag,4119000,20.9786471162,6
252,COM00363.00,2019,O.bulk,Me.Au,4119000,,
253,COM00363.00,2019,O.bulk,Me.Cu,4119000,91000,22000
254,COM00363.00,2019,O.bulk,Me.Ni,4119000,108000,26000
255,COM00365.00,2018,O.pgm,Me.pgm,22500000,726.14468545182,17.2
256,COM00368.00,2020,O.Au,Me.Au,42100000,41.872245471,1.09
257,COM00369.00,2020,O.Au,Me.Au,5800000,12.4089,2.1517241379310343
258,COM00372.00,2019,O.Cu,Me.Cu,717000000,,
259,COM00373.00,2020,O.Fe,Me.Fe,76800000,,
260,COM00374.00,2018,O.sul,Me.Cu,2353337000,,
261,COM00374.00,2018,O.sul,Me.Mo,2353337000,,
262,COM00376.00,2019,O.Au,Me.Ag,6397000,857.232876474,147
263,COM00376.00,2019,O.Au,Me.Au,6397000,25.968163068000003,4.45
264,COM00378.00,2020,O.Fe,Me.Fe,93500000,,
265,COM00380.00,2019,F.stc,,30844800,,
266,COM00381.00,2018,O.Cu,Me.Cu,67099999.99999999,538000,8000
267,COM00382.00,2018,O.Cu,Me.Cu,1348000000,11400000,8500
268,COM00386.00,2019,O.Au,Me.Au,8300000,36.28738944,4.39417608515
269,COM00392.00,2018,,Me.U,4900000,,
270,COM00394.00,2002,O.Au,Me.Au,65700000,22.679618504000004,0.37
271,COM00395.00,2019,O.bulk,Me.Ag,79000000,,
272,COM00395.00,2019,O.bulk,Me.Pb,79000000,,
273,COM00395.00,2019,O.bulk,Me.Zn,79000000,,
274,COM00396.00,2019,O.bulk,Me.Ag,24700000,,
275,COM00396.00,2019,O.bulk,Me.Au,24700000,,
276,COM00397.00,2018,O.Cu,Me.Cu,7539000000,,
277,COM00398.00,2005,O.Au,Me.Ag,268000,318.223395675,1187.2780286844002
278,COM00398.00,2007,O.Au,Me.Au,35000,0.453592368,12.95573207041
279,COM00399.00,2017,F.lig,,113976979.2,,
280,COM00408.00,2019,F.coal,,340835040,,
281,COM00413.00,2020,O.Fe,Me.Fe,1678000000,,
282,COM00414.00,2019,F.coal,,4445280,,
283,COM00416.00,2010,F.coal,,18416160,,
284,COM00417.00,2017,O.Ni,Me.Fe,36342670,,
285,COM00417.00,2017,O.Ni,Me.Ni,36342670,,
286,COM00418.00,2018,O.Au,Me.Au,267573000,86.069151828,0.39999999999999997
287,COM00421.00,2020,O.Fe,Me.Al2O3,2246000000,,
288,COM00421.00,2020,O.Fe,Me.Fe,2246000000,,
289,COM00421.00,2020,O.Fe,Nm.P,2246000000,,
290,COM00421.00,2020,O.Fe,Nm.SiO2,2246000000,,
291,COM00422.00,2020,O.Au,Me.Au,6471000,11.283110154000001,1.91
292,COM00425.00,2019,F.stc,,12700800,,
293,COM00428.00,2019,F.coal,,392636160,,
294,COM00429.00,2018,O.bulk,Me.Ag,22572000,5008.113335088,243
295,COM00429.00,2018,O.bulk,Me.Au,22572000,16.045830018,0.78
296,COM00429.00,2018,O.bulk,Me.Pb,22572000,355000,15700.000000000002
297,COM00429.00,2018,O.bulk,Me.Zn,22572000,755000,33500
298,COM00432.00,2012,O.Au,Me.Au,50880000,445.626152037,6.26
299,COM00436.00,2018,O.Cu,Me.Cu,336000000,1200000,3500
300,COM00442.00,2018,O.bulk,Me.Ag,76200000,,
301,COM00442.00,2018,O.bulk,Me.Au,76200000,,
302,COM00442.00,2018,O.bulk,Me.Cu,76200000,,
303,COM00442.00,2018,O.bulk,Me.Pb,76200000,,
304,COM00442.00,2018,O.bulk,Me.Zn,76200000,,
305,COM00445.00,2019,F.stc,,47174400,,
306,COM00446.00,2018,O.Au,Me.Au,9470000,37.704865762900006,4.38
307,COM00447.00,2018,O.Mn,Me.Mn,66800000,,
308,COM00448.00,2017,F.sbc,,67575513.60000001,,
309,COM00480.00,2019,F.coal,,70217280,,
310,COM00482.00,2020,F.stc,,17500000,,
311,COM00483.00,2019,F.stc,,290000000,,
312,COM00484.00,2015,O.bulk,Me.Cu,300000,,
313,COM00484.00,2016,O.bulk,Me.Ag,4100000,,
314,COM00484.00,2016,O.bulk,Me.Au,4100000,,
315,COM00484.00,2016,O.bulk,Me.Cu,3900000,,
316,COM00484.00,2016,O.bulk,Me.Pb,1900000,,
317,COM00484.00,2016,O.bulk,Me.Zn,1900000,,
318,COM00485.00,2018,O.Au,Me.Au,366000,0.56699046,1.7
319,COM00486.00,2019,O.Au,Me.Au,20980000,30.844281024,1.61
320,COM00487.00,2018,O.Au,Me.Au,6399000,56.500599339000004,9.69
321,COM00488.00,2018,O.Au,Me.Au,75000000,261.146356035,3.8221202666666665
322,COM00489.00,2019,F.coc,,549000000,,
323,COM00490.00,2018,O.Au,Me.Ag,1400000,15.308742490200002,12
324,COM00490.00,2018,O.Au,Me.Au,1400000,10.4893235581,8.1
325,COM00491.00,2018,O.Al,Me.Al2O3,142000000,,
326,COM00492.00,2018,O.Au,Me.Au,124921568.62745097,97.83364844862746,0.86
327,COM00495.00,2012,O.Au,Me.Au,34795000,0.0015308742420000001,52.90021016058
328,COM00499.00,2019,F.coal,,20000000,,
329,COM00501.00,2020,F.stc,,21100000,,
330,COM00502.00,2016,F.coc,,6900000,,
331,COM00505.00,2020,F.coc,,78800000,,
332,COM00507.00,2019,O.bulk,Me.Ag,739000,14.1747615,21
333,COM00507.00,2019,O.bulk,Me.Au,739000,3.6570884670000003,5.4
334,COM00508.00,2017,O.bulk,Me.Au,22500000,,
335,COM00508.00,2017,O.bulk,Me.Cu,22500000,,
336,COM00509.00,2019,O.Al,Me.Al2O3,41680000,,
337,COM00509.00,2019,O.Al,Nm.SiO2,41680000,,
338,COM00512.00,2020,F.coal,,35000000,,
339,COM00513.00,2019,F.coal,,42000000,,
340,COM00514.00,2010,F.coal,,7892639.999999999,,
341,COM00515.00,2017,F.coal,,142000000,,
342,COM00516.00,2019,O.Au,Me.Au,47500000,80.79614092050001,1.8725263157894736
343,COM00517.00,2020,O.Au,Me.Au,1023000,4.25242845,4.6
344,COM00518.00,2018,O.Fe,Me.Fe,24000000,,
345,COM00519.00,2018,O.Fe,Me.Fe,43000000,,
346,COM00520.00,2018,O.Fe,Me.Fe,2436000000,,
347,COM00521.00,2019,F.coal,,485442720,,
348,COM00526.00,2017,F.sbc,,11614881.600000001,,
349,COM00527.00,2013,F.stc,,18960480,,
350,COM00529.00,2018,O.Au,Me.Au,24102000,54.544482252,2.48
351,COM00530.00,2019,,Me.Mo,67000000,,
352,COM00531.00,2007,O.Au,Me.Au,626000,4.195729404000001,6.69048745868
353,COM00532.00,2018,O.Fe,Me.Fe,207200000,,
354,COM00534.00,2019,O.Fe,Me.Fe,131000000,,
355,COM00538.00,2018,O.Cu,Me.Cu,535500000,,
356,COM00538.00,2018,O.Cu,Me.Mo,535500000,,
357,COM00541.00,2019,O.bulk,Me.Fe,878000,,
358,COM00541.00,2019,O.bulk,Me.Ni,878000,12630,14400
359,COM00541.00,2019,O.Fe,Me.Fe,2472000,,
360,COM00541.00,2019,O.Fe,Me.Ni,2472000,25200,10200
361,COM00543.00,2003,O.Au,Me.Au,340000,1.559223765,5.52815701035
362,COM00544.00,2018,O.Fe,Me.Fe,321000000,,
363,COM00545.00,2019,F.coal,,12610080,,
364,COM00547.00,2019,O.bulk,Me.Ag,9900000,,
365,COM00547.00,2019,O.bulk,Me.Cu,9900000,,
366,COM00547.00,2019,O.bulk,Me.Pb,9900000,,
367,COM00547.00,2019,O.bulk,Me.Zn,9900000,,
368,COM00548.00,2019,O.Al,Me.Al2O3,3530000,,
369,COM00548.00,2019,O.Al,Nm.SiO2,3530000,,
370,COM00551.00,2020,F.coal,,900000000,,
371,COM00553.00,2018,O.Au,Me.Au,39130000,46.2097227019,1.3
372,COM00554.00,2019,F.coal,,16000000,,
373,COM00554.00,2019,F.stc,,114000000,,
374,COM00558.00,2019,O.bulk,O.FeTiO3,144000000,,
375,COM00558.00,2019,O.bulk,O.TiO2,144000000,,
376,COM00558.00,2019,O.bulk,O.Zr,144000000,,
377,COM00565.00,2020,F.coal,,249000000,,
378,COM00569.00,2012,,,,,
379,COM00571.00,2013,F.coal,,55800000,,
380,COM00576.00,2018,O.Fe,Me.Fe,545000000,,
381,COM00579.00,2013,F.coal,,10800000,,
382,COM00579.00,2020,F.coal,,49200000,,
383,COM00582.00,2020,F.stc,,27100000,,
384,COM00583.00,2019,O.Fe,Me.Fe,796200000,,
385,COM00585.00,2019,F.coc,,18688320,,
386,COM00586.00,2018,O.Cu,Me.Cu,27112000,646006.253354,23830
387,COM00587.00,2019,O.bulk,O.FeTiO3,87000000,,
388,COM00587.00,2019,O.bulk,O.TiO2,87000000,,
389,COM00587.00,2019,O.bulk,O.Zr,87000000,,
390,COM00588.00,2019,O.Au,Me.Au,34176000,70.675360839,2.27
391,COM00590.00,2020,O.Au,Me.Au,796000,,
392,COM00592.00,2002,O.Au,Me.Au,2285714.285714286,16.199727502857147,8.08
393,COM00595.00,2019,O.Al,Me.Al2O3,240000,,
394,COM00595.00,2019,O.Al,Nm.SiO2,240000,,
395,COM00603.00,2019,O.bulk,Me.Ag,255097,,
396,COM00603.00,2019,O.bulk,Me.Au,255097,,
397,COM00603.00,2019,O.bulk,Me.Cu,255097,,
398,COM00603.00,2019,O.bulk,Me.Pb,255097,,
399,COM00604.00,2007,O.Au,Me.Ag,115555.55555555555,18.93118147,179.6
400,COM00604.00,2007,O.Au,Me.Au,115555.55555555555,1.73247085,16.6
401,COM00605.00,2013,O.Au,Me.Au,3300000,11.623304430000001,3.51534086812
402,COM00605.00,2020,O.Au,Me.Au,16868000,57.379434552000006,3.7
403,COM00607.00,2019,O.Al,Me.Al2O3,98900000,,
404,COM00607.00,2019,O.Al,Nm.SiO2,98900000,,
405,COM00611.00,2017,O.Au,Me.Au,218400000,219.42530802000002,1.0030331278852382
406,COM00615.00,2020,F.stc,,1300000,,
407,COM00617.00,2013,O.Au,Me.Au,2884000,11.566605384,3.9972827613299993
408,COM00617.00,2020,O.Au,Me.Au,8249000,20.553404175,2.7
409,COM00618.00,2017,O.bulk,Me.AsCu,1106400000,,
410,COM00618.00,2017,O.bulk,Me.Au,1153200000,,
411,COM00618.00,2017,O.bulk,Me.Cu,1153200000,,
412,COM00619.00,2019,F.coal,,50000000,,
413,COM00623.00,2020,O.Au,Me.Au,1074091,2.04326,2.1
414,COM00624.00,2019,O.bulk,Me.Co,124000000,,
415,COM00624.00,2019,O.bulk,Me.Cu,124000000,,
416,COM00625.00,2019,O.bulk,Me.Ag,4500000,,
417,COM00625.00,2019,O.bulk,Me.Pb,4500000,,
418,COM00625.00,2019,O.bulk,Me.Zn,4500000,,
419,COM00628.00,2019,O.Fe,Me.Fe,333849600,,
420,COM00630.00,2018,F.sbc,,68412859.2,,
421,COM00631.00,2019,O.Au,Me.Au,1677000,10.375925418000001,6.18019604234
422,COM00633.00,2017,F.coal,,146000000,,
423,COM00633.00,2019,F.coal,,144600000,,
424,COM00634.00,2016,O.Au,Me.Au,90000,0.7087380750000001,8.4
425,COM00635.00,2018,O.bulk,Me.Au,128600000,,
426,COM00635.00,2018,O.bulk,Me.Co,128600000,,
427,COM00635.00,2018,O.bulk,Me.Cu,128600000,,
428,COM00635.00,2018,O.bulk,Me.Ni,128600000,,
429,COM00635.00,2018,O.bulk,Me.Pd,128600000,,
430,COM00635.00,2018,O.bulk,Me.Pt,128600000,,
431,COM00638.00,2019,O.Fe,Me.Fe,439480000,,
432,COM00639.00,2019,F.stc,,47200000,,
433,COM00642.00,2018,O.Au,Me.Au,62711111.11111111,236.24602608333333,4.13
434,COM00644.00,2018,F.coal,,535000000,,
435,COM00646.00,2020,F.coal,,144600000,,
436,COM00648.00,2019,O.Cu,Me.Cu,5700000,326000,57000
437,COM00649.00,2018,O.Cu,Me.Cu,23700000,,
438,COM00651.00,2018,O.Cu,Me.Cu,45300000,553000,13000
439,COM00652.00,2019,O.Fe,Me.Fe,616000000,,
440,COM00655.00,2019,O.Au,Me.Au,28925000,116.119646208,4.4
441,COM00656.00,2019,F.stc,,247000000,,
442,COM00657.00,2018,O.Au,Me.Au,32800000,158.24703811166,5.267987804878048
443,COM00659.00,2010,F.coal,,16420320.000000002,,
444,COM00661.00,2018,O.Fe,Me.Fe,188200000,,
445,COM00662.00,2018,O.Cu,Me.Cu,,639643,48000
446,COM00664.00,2019,O.Ni,Me.Ni,41800000,,
447,COM00665.00,2020,O.Fe,Me.Al2O3,18700000,,
448,COM00665.00,2020,O.Fe,Me.Fe,18700000,,
449,COM00665.00,2020,O.Fe,Nm.SiO2,18700000,,
450,COM00665.00,2020,O.Fe,,18700000,,
451,COM00668.00,2017,O.Au,Me.Au,2089999.9999999998,10.2058283268,5.39
452,COM00668.00,2017,O.Au,Me.U,2089999.9999999998,707.6040972000001,340
453,COM00670.00,2020,O.Fe,Me.Fe,126708000,,
454,COM00672.00,2020,F.coc,,277000000,,
455,COM00675.00,2012,F.coal,,470250000,,
456,COM00676.00,2020,F.coal,,183961000,,
457,COM00680.00,2018,O.pgm,Me.pgm,73600000,188.69442595328002,2.8
458,COM00681.00,2019,O.Fe,Me.Fe,636000000,,
459,COM00684.00,2018,O.Au,Me.Ag,5100000,428.13449634600005,92.1
460,COM00684.00,2018,O.Au,Me.Au,5100000,38.83884651,8.4
461,COM00689.00,2018,O.bulk,Me.Au,1300000,,
462,COM00689.00,2018,O.bulk,Me.Co,1300000,,
463,COM00689.00,2018,O.bulk,Me.Cu,1300000,,
464,COM00689.00,2018,O.bulk,Me.Ni,1300000,,
465,COM00689.00,2018,O.bulk,Me.Zn,1300000,,
466,COM00690.00,2018,O.bulk,Me.Zn,,732877,98200
467,COM00693.00,2018,O.sul,Me.Cu,3243851000,,
468,COM00693.00,2018,O.sul,Me.Mo,3243851000,,
469,COM00694.00,2018,O.Au,Me.Ag,15689000,1031.327297217,72.1
470,COM00694.00,2018,O.Au,Me.Au,15689000,23.955346935,1.7
471,COM00695.00,2019,O.bulk,Me.Ag,9000000,,
472,COM00695.00,2019,O.bulk,Me.Au,9000000,,
473,COM00695.00,2019,O.bulk,Me.Pb,9000000,,
474,COM00695.00,2019,O.bulk,Me.Zn,9000000,,
475,COM00696.00,2019,O.bulk,Me.Ag,20432000,48.732830037,2.62
476,COM00696.00,2019,O.bulk,Me.Au,20432000,13.891266270000001,0.75
477,COM00697.00,2018,O.Fe,Me.Fe,21900000,,
478,COM00698.00,2013,O.Au,Me.Au,18534299.105240732,10.267189838091182,0.59533998573
479,COM00698.00,2019,O.bulk,Me.Ag,560177,,
480,COM00698.00,2019,O.bulk,Me.Au,560177,,
481,COM00699.00,2018,O.Au,Me.Ag,44886000,253.44473562000002,6.19
482,COM00699.00,2018,O.Au,Me.Au,44886000,112.03731489600001,2.74
483,COM00701.00,2019,O.bulk,Me.Ag,13675000,,
484,COM00701.00,2019,O.bulk,Me.Au,13675000,,
485,COM00701.00,2019,O.bulk,Me.Cu,13675000,,
486,COM00701.00,2019,O.bulk,Me.Zn,13675000,,
487,COM00707.00,2019,O.bulk,Me.Ag,14920000,249.305705262,18.33
488,COM00707.00,2019,O.bulk,Me.Au,14920000,81.873422424,6.02
489,COM00707.00,2019,O.bulk,Me.Cu,14920000,1109.912174973,2600
490,COM00707.00,2019,O.bulk,Me.Zn,14920000,3391.623533628,8000
491,COM00708.00,2018,O.bulk,Me.Ag,1047300000,,
492,COM00708.00,2018,O.bulk,Me.Au,1045000000,,
493,COM00708.00,2018,O.bulk,Me.Cu,1047300000,,
494,COM00708.00,2018,O.bulk,Me.Mo,1047300000,,
495,COM00711.00,2019,F.coal,,77000000,,
496,COM00712.00,2012,O.Au,Me.Au,2963000,10.971265401,3.7137875300300003
497,COM00715.00,2019,F.coc,,43817760,,
498,COM00716.00,2019,F.coc,,39191040,,
499,COM00719.00,2019,O.Ni,Me.Ni,9400000,,
500,COM00721.00,2020,O.Au,Me.Au,45783000,96.70022295300001,2.3273463949500908
501,COM00725.00,2018,O.Au,Me.Au,330000000,680.3885551200001,2.3
502,COM00729.00,2009,O.bulk,Me.Pb,7000000,,
503,COM00729.00,2009,O.bulk,Me.Zn,7000000,,
504,COM00732.00,2019,O.Fe,Me.Fe,394000000,,
505,COM00733.00,2012,O.Au,Me.Au,164230000,170.890924644,1.14
506,COM00736.00,2011,O.Ni,Me.Ni,4600000,,
507,COM00738.00,2016,F.coal,,8618400,,
508,COM00739.00,2017,O.Au,Me.Au,21600000,30.333989610000003,1.38912663337
509,COM00744.00,2018,O.Cu,Me.Cu,2053900000,9489000,4591.917814888749
510,COM00745.00,2020,O.Fe,Me.Fe,407800000,,
511,COM00747.00,2019,O.Cu,Me.Au,1072000000,,
512,COM00747.00,2019,O.Cu,Me.Cu,1072000000,,
513,COM00747.00,2019,O.Cu,Me.Mo,1072000000,,
514,COM00748.00,2018,O.Au,Me.Au,,238.13599429200002,
515,COM00751.00,2016,O.Cu,Me.Cu,45400000,,
516,COM00754.00,2018,O.Cu,Me.Cu,374596000,2062756.6618120002,5510
517,COM00755.00,2019,O.Al,Me.Al2O3,2530000,,
518,COM00755.00,2019,O.Al,Nm.SiO2,2530000,,
519,COM00758.00,2019,O.Au,Me.Au,34620000,31.184475443,0.98683997689197
520,COM00759.00,2020,F.stc,,35900000,,
521,COM00762.00,2019,O.Al,Me.Al2O3,5220000,,
522,COM00762.00,2019,O.Al,Nm.SiO2,5220000,,
523,COM00763.00,2017,O.bulk,Me.Ag,192890,,
524,COM00763.00,2017,O.bulk,Me.Au,192890,,
525,COM00763.00,2017,O.bulk,Me.Pb,192890,,
526,COM00763.00,2017,O.bulk,Me.Zn,192890,,
527,COM00769.00,2014,O.Cu,Me.Cu,99800000,,
528,COM00770.00,2014,O.Cu,Me.Cu,91800000,,
529,COM00771.00,2018,O.Fe,Me.Fe,300000,,
530,COM00773.00,2019,O.bulk,Me.Ag,34503283,,
531,COM00773.00,2019,O.bulk,Me.Au,34503283,,
532,COM00773.00,2019,O.bulk,Me.Cu,34503283,,
533,COM00774.00,2019,O.Fe,Me.Fe,3096300000,,
534,COM00775.00,2012,O.Au,Me.Au,185584000,122.271492699,0.72
535,COM00776.00,2012,O.Au,Me.Au,324803480.3480348,0.13949360252025203,0.4252428469500001
536,COM00776.00,2019,O.Au,Me.Au,228763000,102.34177803,0.49
537,COM00778.00,2019,F.coal,,17418240,,
538,COM00779.00,2020,O.Au,Me.Ag,,935.53426329,
539,COM00779.00,2020,O.Au,Me.Au,,121.902949459,
540,COM00783.00,2020,F.coal,,450000000,,
541,COM00784.00,2019,F.coal,,14061600,,
542,COM00785.00,2019,O.bulk,Me.Ag,98000000,,
543,COM00785.00,2019,O.bulk,Me.Pb,98000000,,
544,COM00785.00,2019,O.bulk,Me.Zn,98000000,,
545,COM00786.00,2019,O.Au,Me.Au,26112000,94.12041636000001,3.96
546,COM00787.00,2018,O.Au,Me.Au,292279000,209.077732125,0.7800000000000001
547,COM00789.00,2019,O.Au,Me.Au,20749000,115.29751004100001,6.1
548,COM00791.00,2017,O.Au,Me.Au,148800000,150.06347508000002,1.02058283268
549,COM00793.00,2019,F.coal,,85400000,,
550,COM00794.00,2019,F.coc,,9979200,,
551,COM00795.00,2019,F.coal,,12156480,,
552,COM00801.00,2019,O.Al,Me.Al2O3,2600000,,
553,COM00801.00,2019,O.Al,Nm.SiO2,2600000,,
554,COM00802.00,2018,O.bulk,Me.Zn,,1469829,23900
555,COM00803.00,2018,F.stc,,76000000,,
556,COM00805.00,2013,O.bulk,Me.Ag,250000,79.94565486,325.45252553240005
557,COM00805.00,2013,O.bulk,Me.Au,250000,0.8504856900000001,2.6365056510900002
558,COM00806.00,2019,F.stc,,422100000,,
559,COM00807.00,2015,O.Fe,Me.Fe,61900000,,
560,COM00807.00,2015,O.Fe,Nm.SiO2,61900000,,
561,COM00808.00,2019,F.coc,,39916800,,
562,COM00816.00,2018,O.pgm,Me.pgm,610800000,2191.3614389027402,3.8999999999999995
563,COM00817.00,2018,F.coal,,188500000,,
564,COM00818.00,2019,O.Fe,Me.Fe,769000000,,
565,COM00820.00,2018,O.Fe,Me.Fe,3180700000,,
566,COM00822.00,2019,O.bulk,Me.Ag,4709000,88.592259375,20.6
567,COM00822.00,2019,O.bulk,Me.Au,4709000,12.75728535,2.98
568,COM00822.00,2019,O.bulk,Me.Zn,4709000,0.049441528,10500
569,COM00824.00,2018,O.bulk,Me.Cu,185000000,1700000,9100
570,COM00825.00,2019,O.Fe,Me.Fe,375580800,,
571,COM00826.00,2019,O.Fe,Me.Fe,130000000,,
572,COM00827.00,2019,O.bulk,Me.Ag,2363000,11.90679966,5.999999999999999
573,COM00827.00,2019,O.bulk,Me.Au,2363000,1.275728535,0.6
574,COM00827.00,2019,O.bulk,Me.Cu,2363000,40000,16800
575,COM00828.00,2019,M.lat,Me.Co,51100000,66800,1300
576,COM00828.00,2019,M.lat,Me.Ni,51100000,595100,11600
577,COM00829.00,2017,O.Au,Me.Au,17630000,138.0621776431,8.6
578,COM00829.00,2017,O.Au,Me.U,17630000,5488.467677,310
579,COM00830.00,2019,F.coal,,913800000,,
580,COM00831.00,2019,O.pgm,Me.pgm,47160000,186.53986219540002,4.34
581,COM00832.00,2018,O.pgm,Me.pgm,1200300000,3345.2437293400003,3.06
582,COM00834.00,2019,O.Fe,Me.Fe,2405000000,,
583,COM00836.00,2020,F.stc,,263000000,,
584,COM00837.00,2019,F.coc,,9979200,,
585,COM00838.00,2019,O.Cu,Me.Cu,1410000,,
586,COM00839.00,2020,F.coc,,139100000,,
587,COM00840.00,2019,O.Cu,Me.Cu,4435000000,,
588,COM00840.00,2019,O.Cu,Me.Mo,939000000,,
589,COM00841.00,2018,O.Au,Me.Au,6550000,8.2213617077,0.67
590,COM00842.00,2019,O.bulk,Me.Ag,6825568.797399783,,
591,COM00842.00,2019,O.bulk,Me.Cu,6825568.797399783,,
592,COM00842.00,2019,O.bulk,Me.Pb,6825568.797399783,,
593,COM00842.00,2019,O.bulk,Me.Zn,6825568.797399783,,
594,COM00844.00,2019,O.Mn,Me.Mn,8300000.000000001,,
595,COM00847.00,2002,O.Au,Me.Au,7400000,48.194189321,7.27
596,COM00850.00,2019,F.stc,,591000000,,
597,COM00853.00,2019,O.Ni,Me.Ni,96400000,,
598,COM00855.00,2020,O.Au,Me.Au,5873000,15.053596713000001,2.8
599,COM00858.00,2019,F.coc,,19414080,,
600,COM00860.00,2017,O.Au,Me.Au,38710000,344.7302012608,9.77
601,COM00860.00,2018,O.Au,Me.Au,36470000,330.27194446450005,9.93
602,COM00861.00,2018,O.Al,Me.Al2O3,48000000,,
603,COM00862.00,2019,O.Li,Me.Li2O,8199999.999999999,,
604,COM00864.00,2020,O.Au,Me.Au,10810000,23.014,2.0888991674375577
605,COM00865.00,2020,O.bulk,Me.Ag,7586000,7711100000,42
606,COM00865.00,2020,O.bulk,Me.Au,7586000,458400000,2
607,COM00867.00,2010,F.coal,,816480,,
608,COM00870.00,2014,O.dig,Nm.dia,4000000,,
609,COM00872.00,2019,O.bulk,Me.Co,41400000,,
610,COM00872.00,2019,O.bulk,Me.Ni,41400000,,
611,COM00874.00,2006,O.Au,Me.Au,8686520.376175549,50.21153760188088,6.339999999999999
612,COM00874.00,2019,O.Au,Me.Au,10900000,59.25050307,5.386409394699999
613,COM00876.00,2019,O.bulk,Me.Co,130000000,,
614,COM00876.00,2019,O.bulk,Me.Cu,130000000,,
615,COM00879.00,2007,O.bulk,O.FeTiO3,326800000,,
616,COM00879.00,2007,O.bulk,O.TiO2,326800000,,
617,COM00879.00,2007,O.bulk,O.Zr,326800000,,
618,COM00882.00,2019,O.Al,Me.Al2O3,14190000,,
619,COM00882.00,2019,O.Al,Nm.SiO2,14190000,,
620,COM00885.00,2020,F.coal,,223000000,,
621,COM00886.00,2013,O.Au,Me.Au,46340000,54.431084409600004,1.29
622,COM00889.00,2019,O.bulk,Me.Ag,27917000,15308.7424902,64
623,COM00889.00,2019,O.bulk,Me.Cu,27917000,98000,3000
624,COM00889.00,2019,O.bulk,Me.Pb,27917000,540000,18000
625,COM00889.00,2019,O.bulk,Me.Zn,27917000,2214000,75000
626,COM00890.00,2020,F.stc,,47500000,,
627,COM00892.00,2018,F.obc,,3640593.6,,
628,COM00899.00,2020,O.Cu,Me.Cu,,151000,
629,COM00903.00,2018,O.Ni,Me.Ni,8300000.000000001,105000,12600
630,COM00904.00,2019,O.Cr,Me.Cr2O3,1840000,,
631,COM00904.00,2019,O.Ni,Me.Ni,7590000,,
632,COM00906.00,2018,O.Au,Me.Au,33914000,16.357674771,0.53
633,COM00909.00,2019,O.bulk,Me.Au,84682000,0.680388552,0.01
634,COM00909.00,2019,O.bulk,Me.Cu,84682000,256000,3000
635,COM00909.00,2019,O.bulk,Me.Ni,84682000,524000,6200
636,COM00909.00,2019,O.bulk,Me.Pd,84682000,2.211262794,0.03
637,COM00909.00,2019,O.bulk,Me.Pt,84682000,1.445825673,0.02
638,COM00910.00,2019,O.bulk,Me.Au,672815000,147.41751960000002,0.23999999999999996
639,COM00910.00,2019,O.bulk,Me.Cu,672815000,11598000,17200
640,COM00910.00,2019,O.bulk,Me.Ni,672815000,6176000,9200
641,COM00910.00,2019,O.bulk,Me.Pd,672815000,2568.041540955,4.19
642,COM00910.00,2019,O.bulk,Me.Pt,672815000,679.453017741,1.11
643,COM00911.00,2018,O.Au,Me.Ag,1197602000,1663.7201067780002,1.52
644,COM00911.00,2018,O.Au,Me.Au,1197602000,659.013011658,0.6
645,COM00911.00,2018,O.Au,Me.Cu,598801000,,
646,COM00912.00,2019,F.stc,,1460592000,,
647,COM00913.00,2020,F.stc,,48200000,,
648,COM00915.00,2019,F.coc,,74390400,,
649,COM00916.00,2018,O.Au,Me.Au,26248826.29107981,61.88980373239437,2.5899999999999994
650,COM00919.00,2012,O.Fe,Me.Fe,709460000,,
651,COM00920.00,2020,O.Au,Me.Au,2177000,8.193012147000001,4.1
652,COM00923.00,2019,O.Fe,Me.Fe,829094352,,
653,COM00924.00,2019,F.coc,,229000000,,
654,COM00927.00,2018,O.bulk,Me.Au,576700000,,
655,COM00927.00,2018,O.bulk,Me.Cu,2028800000,,
656,COM00927.00,2018,O.bulk,Me.Mo,1452100000,,
657,COM00932.00,2018,O.Au,Me.Au,20280000,166.01480744928,9
658,COM00934.00,2019,O.bulk,Me.Au,216000000,,
659,COM00934.00,2019,O.bulk,Me.Cu,216000000,,
660,COM00937.00,2019,O.bulk,Me.Ag,561000000,,
661,COM00937.00,2019,O.bulk,Me.Au,561000000,,
662,COM00937.00,2019,O.bulk,Me.Cu,561000000,,
663,COM00937.00,2019,O.bulk,Me.U,561000000,,
664,COM00938.00,2020,F.coal,,87867000,,
665,COM00939.00,2020,F.coal,,20000000,,
666,COM00940.00,2019,O.Ni,Me.Ni,113300000,,
667,COM00942.00,2019,O.bulk,Me.Ag,626276,,
668,COM00942.00,2019,O.bulk,Me.Au,626276,,
669,COM00944.00,2007,O.Au,Me.Au,4181000,2.324660886,0.5669904626000001
670,COM00949.00,2018,O.bulk,Me.Au,2860000000,,
671,COM00949.00,2018,O.bulk,Me.Cu,1430000000,,
672,COM00950.00,2018,O.Au,Me.Au,,31.339000000000002,1.55
673,COM00952.00,2017,F.sbc,,16394011.200000001,,
674,COM00954.00,2019,O.bulk,Me.Ag,11669000,1431.424115316,122.7534351529
675,COM00954.00,2019,O.bulk,Me.Au,11669000,19.646219439,1.67262186467
676,COM00955.00,2019,O.Cu,Me.Cu,1578000000,,
677,COM00959.00,2018,O.Au,Me.Au,590628000,225.038513574,0.4
678,COM00962.00,2019,O.Fe,Me.Fe,621500000,,
679,COM00963.00,2016,O.Au,Me.Ag,277870000,17202.4905564,67.92
680,COM00963.00,2016,O.Au,Me.Au,277870000,398.31079815000004,1.57
681,COM00963.00,2016,O.Au,Me.Cu,277870000,229200.224561,820
682,COM00965.00,2016,F.coal,,47537280,,
683,COM00966.00,2020,O.Au,Me.Au,281000,1.190679966,4.6
684,COM00969.00,2019,F.coal,,718000000,,
685,COM00970.00,2019,O.Fe,Me.Fe,201000000,,
686,COM00971.00,2019,O.Au,Me.Au,486800000,229.06414584,0.4819418932100001
687,COM00972.00,2018,O.bulk,Me.Pb,400000,,
688,COM00972.00,2018,O.bulk,Me.Zn,400000,,
689,COM00973.00,2019,O.Au,Me.Au,14800000,11.566605384,14.8
690,COM00974.00,2019,F.coc,,607279680,,
691,COM00975.00,2020,F.coal,,280000000,,
692,COM00977.00,2019,F.coal,,21000000,,
693,COM00981.00,2017,O.bulk,Me.Ag,249900000,1725.9189602400002,6.8038855512000005
694,COM00981.00,2017,O.bulk,Me.Au,253600000,114.81556815,0.44986981834408124
695,COM00981.00,2017,O.bulk,Me.Cu,394700000,603277.8521,
696,COM00982.00,2008,O.Au,Me.Ag,29182000,188.58102699600002,6.5203903199000015
697,COM00982.00,2008,O.Au,Me.Au,29182000,19.362724209,0.65203903199
698,COM00983.00,2018,O.sul,Me.Cu,44473000,,
699,COM00984.00,2019,O.Al,Me.Al2O3,2920000,,
700,COM00984.00,2019,O.Al,Nm.SiO2,2920000,,
701,COM00986.00,2019,O.Al,Me.Al2O3,80080000,,
702,COM00986.00,2019,O.Al,Nm.SiO2,80080000,,
703,COM00990.00,2019,O.bulk,Me.Ag,15215000,737.115947523,53.149116661189616
704,COM00990.00,2019,O.bulk,Me.Au,15215000,28.859814414000002,2.081422280644101
705,COM00991.00,2019,O.bulk,Me.Cu,399000000,1240000,3100
706,COM00991.00,2019,O.bulk,Me.Mo,399000000,25000,60
707,COM00992.00,2019,F.coal,,54671869,,
708,COM00993.00,2018,F.obc,,3285878.4000000004,,
709,COM00995.00,2013,O.Au,Me.Au,488000,3.713787513,7.597672198840001
710,COM00996.00,2019,O.Al,Me.Al2O3,1100000,,
711,COM00996.00,2019,O.Al,Nm.SiO2,1100000,,
712,COM00997.00,2020,O.Au,Me.Au,5867000,42.836129253,8
713,COM00999.00,2019,F.coc,,61000000,,
714,COM01005.00,2017,F.lig,,40824907.2,,
715,COM01006.00,2013,O.bulk,Me.Ag,107600,,
716,COM01006.00,2013,O.bulk,Me.Au,107600,,
717,COM01007.00,2006,O.Au,Me.Au,61569387.75510204,98.87619348367348,1.76
718,COM01007.00,2019,O.bulk,Me.Au,54300000,79.94565486,1.461958281190166
719,COM01008.00,2018,O.Au,Me.Au,27882105.263157897,125.3347332631579,4.93
720,COM01012.00,2019,O.Fe,Me.Fe,12000000,,
721,COM01013.00,2019,F.coal,,52000000,,
722,COM01015.00,2019,O.bulk,Me.Ag,56000000,124.73790177200001,2.2607142857142857
723,COM01015.00,2019,O.bulk,Me.Au,56000000,33.73593237,0.6678571428571428
724,COM01015.00,2019,O.bulk,Me.Cu,56000000,473000,8785.714285714286
725,COM01016.00,2019,F.coal,,821000000,,
726,COM01017.00,2019,F.coal,,45000000,,
727,COM01020.00,2018,F.coal,,305140000,,
728,COM01022.00,2020,F.coal,,189900000,,
729,COM01023.00,2020,F.coal,,900000,,
730,COM01025.00,2020,F.coal,,146000000,,
731,COM01026.00,2020,F.coal,,693900000,,
732,COM01028.00,2019,O.Ni,,19634877,,
733,COM01030.00,2020,F.coal,,37800000,,
734,COM01031.00,2019,F.coal,,13100000,,
735,COM01032.00,2020,F.coal,,162960000,,
736,COM01033.00,2020,F.coal,,114600000,,
737,COM01034.00,2020,F.coal,,9000000,,
738,COM01036.00,2019,F.coal,,1073000000,,
739,COM01038.00,2020,F.coal,,1800000,,
740,COM01039.00,2019,F.coal,,95300000,,
741,COM01041.00,2020,F.coal,,40600000,,
742,COM01042.00,2019,F.coal,,214000000,,
743,COM01043.00,2019,F.coal,,16000000,,
744,COM01046.00,2019,F.coal,,5800000,,
745,COM01046.00,2020,F.coal,,254000000,,
746,COM01047.00,2020,F.coal,,4500000,,
747,COM01048.00,2020,F.coal,,39200000,,
748,COM01052.00,2018,O.Au,Me.Ag,127901666.66666667,1986.92356866,17.04
749,COM01052.00,2018,O.Au,Me.Au,127901666.66666667,309.57679116,2.66
750,COM01053.00,2019,O.Au,Me.Ag,10377000,1409.25478833,149
751,COM01053.00,2019,O.Au,Me.Pb,10377000,117934.0162,11399.999999999998
752,COM01053.00,2019,O.Au,Me.Zn,10377000,48987.97596,4700
753,COM01055.00,2017,O.bulk,Me.Ag,2100000,,
754,COM01055.00,2017,O.bulk,Me.Au,2100000,,
755,COM01055.00,2017,O.bulk,Me.Cu,2100000,,
756,COM01055.00,2017,O.bulk,Me.Zn,2100000,,
757,COM01055.00,2017,O.bulk,Nm.S,2100000,,
758,COM01056.00,2018,O.bulk,Me.Ag,1400000000,,
759,COM01056.00,2018,O.bulk,Me.Cu,1424100000,,
760,COM01056.00,2018,O.bulk,Me.Mo,1400000000,,
761,COM01057.00,2018,O.Cu,Me.Cu,110143766.60061553,1323830.33910578,12100
762,COM01059.00,2014,O.Cu,Me.Cu,1332000000,,
763,COM01059.00,2014,O.Cu,Me.Mo,1332000000,,
764,COM01061.00,2019,O.bulk,Me.Ag,42700000,,
765,COM01061.00,2019,O.bulk,Me.Pb,42700000,,
766,COM01061.00,2019,O.bulk,Me.Zn,42700000,,
767,COM01062.00,2019,O.bulk,Me.Ag,35300000,,
768,COM01062.00,2019,O.bulk,Me.Pb,35300000,,
769,COM01062.00,2019,O.bulk,Me.Zn,35300000,,
770,COM01065.00,2010,F.coal,,17690400,,
771,COM01066.00,2017,O.bulk,Me.Ca,184600000,,
772,COM01066.00,2017,O.bulk,Me.Co,184600000,,
773,COM01066.00,2017,O.bulk,Me.Mg,184600000,,
774,COM01066.00,2017,O.bulk,Me.Ni,184600000,,
775,COM01067.00,2020,O.Au,Me.Au,,73.708760138,
776,COM01070.00,2019,F.stc,,223171200,,
777,COM01071.00,2013,O.bulk,Me.Ag,63594,,
778,COM01071.00,2013,O.bulk,Me.Pb,63594,,
779,COM01071.00,2013,O.bulk,Me.Zn,63594,,
780,COM01072.00,2018,O.bulk,Me.Ag,56000000,,
781,COM01072.00,2018,O.bulk,Me.Pb,56000000,,
782,COM01072.00,2018,O.bulk,Me.Zn,56000000,,
783,COM01073.00,2019,F.coal,,217728000,,
784,COM01074.00,2019,O.bulk,Me.Au,5100000,36.854379900000005,7.172429351890002
785,COM01081.00,2020,O.Sn,Me.Cu,30920000,66000,2100
786,COM01081.00,2020,O.Sn,Me.Sn,30920000,181000,6000
787,COM01086.00,2019,O.bulk,Me.Fe,19845000,,
788,COM01086.00,2019,O.bulk,Me.Ni,19845000,285760,14400
789,COM01086.00,2019,O.Fe,Me.Fe,41881000,,
790,COM01086.00,2019,O.Fe,Me.Ni,41881000,490000,11700
791,COM01088.00,2019,F.coal,,211105440,,
792,COM01090.00,2017,O.Fe,Me.Fe,1271698113.2075472,,
793,COM01093.00,2019,O.bulk,Me.Ag,263392000,3330.303515379,12.757285408500001
794,COM01093.00,2019,O.bulk,Me.Au,263392000,20.893598451000003,0.08504856939000001
795,COM01097.00,2018,O.bulk,Me.Ag,5400000,,
796,COM01097.00,2018,O.bulk,Me.Au,5400000,,
797,COM01097.00,2018,O.bulk,Me.Cu,5400000,,
798,COM01097.00,2018,O.bulk,Me.Pb,5400000,,
799,COM01097.00,2018,O.bulk,Me.Zn,5400000,,
800,COM01098.00,2019,O.bulk,Me.Ag,537100000,,
801,COM01098.00,2019,O.bulk,Me.Cu,537100000,,
802,COM01098.00,2019,O.bulk,Me.Mo,537100000,,
803,COM01100.00,2018,,Me.U,72000000,,
804,COM01101.00,2007,O.Au,Me.Au,78117000,40.880012166,0.51029141634
805,COM01101.00,2018,O.Au,Me.Ag,8226000,47.315353887,6.3
806,COM01101.00,2018,O.Au,Me.Au,113892000,75.636527364,0.7
807,COM01102.00,2019,O.bulk,Me.Co,12200000,29000,2409.8360655737706
808,COM01102.00,2019,O.bulk,Me.Cu,12200000,268000,22032.786885245903
809,COM01103.00,2007,O.Au,Me.Au,18763000,26.365056390000003,1.4174761565000003
810,COM01105.00,2018,O.pgm,Me.pgm,692000000,2146.6258914036002,3.3915317919075143
811,COM01106.00,2018,O.Au,Me.Au,63780487.804878056,112.70664073634147,1.94
812,COM01107.00,2019,O.bulk,Me.Cu,812000000,,
813,COM01112.00,2019,O.bulk,Me.Au,1148400000,,
814,COM01112.00,2019,O.bulk,Me.Cu,1148400000,,
815,COM01113.00,2018,O.bulk,Me.Cu,581000000,3700000,6400
816,COM01115.00,2019,F.coal,,31000000,,
817,COM01121.00,2017,F.sbc,,10382904,,
818,COM01123.00,2018,O.bulk,Me.Ag,18454000,3178.406771145,188.95838300639429
819,COM01123.00,2018,O.bulk,Me.Au,18454000,8.107963578,0.4821978974748022
820,COM01123.00,2018,O.bulk,Me.Pb,13998000,83000,5900
821,COM01123.00,2018,O.bulk,Me.Zn,13998000,211000,15100
822,COM01130.00,2019,O.Al,Me.Al2O3,42100000,,
823,COM01130.00,2019,O.Al,Nm.SiO2,42100000,,
824,COM01131.00,2019,O.bulk,Me.Au,392300000,14.3647033041,0.04
825,COM01131.00,2019,O.bulk,Me.Cu,392300000,1167000,3000
826,COM01131.00,2019,O.bulk,Me.Fe,392300000,,
827,COM01134.00,2019,F.coc,,502000000,,
828,COM01138.00,2018,O.bulk,Me.Ag,14910000,376.736811147,272
829,COM01138.00,2018,O.bulk,Me.Au,14910000,19.249326117000003,1.42
830,COM01138.00,2018,O.bulk,Me.Pb,14910000,192000,12900
831,COM01138.00,2018,O.bulk,Me.Zn,14910000,333000,22400.000000000004
832,COM01139.00,2017,F.lig,,3343032,,
833,COM01140.00,2012,O.Au,Me.Au,3290000,15.308742490200002,5.13
834,COM01143.00,2019,O.Au,Me.Au,1528000,14.1747615,10.17
835,COM01145.00,2019,F.coal,,36560160,,
836,COM01150.00,2017,O.bulk,Me.AsCu,869800000,,
837,COM01150.00,2017,O.bulk,Me.Cu,894000000,,
838,COM01151.00,2016,O.Cu,Me.Cu,14900000,,
839,COM01153.00,2018,O.Au,Me.Au,3830000,11.0563140207,3.15
840,COM01154.00,2019,O.Fe,Me.Fe,324500000,,
841,COM01155.00,2019,O.Fe,Me.Fe,2823700000,,
842,COM01156.00,2019,O.Fe,Me.Fe,4198100000.0000005,,
843,COM01158.00,2019,O.Au,Me.Au,4300000,2.466408501,0.63
844,COM01164.00,2019,O.bulk,Me.Ag,112600000,,
845,COM01164.00,2019,O.bulk,Me.Au,112600000,,
846,COM01168.00,2020,F.coal,,1479145800,,
847,COM01173.00,2017,F.sbc,,17944416,,
848,COM01174.00,2019,F.coal,,9050000000,,
849,COM01175.00,2019,F.coal,,1370000000,,
850,COM01178.00,2013,O.bulk,Me.Ag,12313,,
851,COM01178.00,2013,O.bulk,Me.Au,12313,,
852,COM01179.00,2020,F.coal,,509000000,,
853,COM01180.00,2019,F.coc,,48081600,,
854,COM01182.00,2020,F.coal,,213000000,,
855,COM01183.00,2018,O.bulk,Me.Au,,12.864,0.5
856,COM01183.00,2018,O.bulk,Me.Cu,,54728,2100
857,COM01185.00,2020,O.bulk,Me.Ag,3300000,19.986413715,6.691212121212121
858,COM01185.00,2020,O.bulk,Me.Au,3300000,11.509906338,3.8363636363636355
859,COM01187.00,2020,F.coal,,203286000,,
860,COM01189.00,2019,O.bulk,O.TiO2,272000000,3700000,13000
861,COM01190.00,2019,O.bulk,Me.Ag,2960000000,,
862,COM01190.00,2019,O.bulk,Me.Cu,2960000000,,
863,COM01190.00,2019,O.bulk,Me.Mo,2960000000,,
864,COM01191.00,2018,O.Au,Me.Au,95223529.41176471,68.70590311505883,0.7899999999999999
865,COM01193.00,2019,O.bulk,Me.Ag,1812000,424.56245644800003,234.1670610538
866,COM01193.00,2019,O.bulk,Me.Pb,1812000,89113.66419494001,54200
867,COM01193.00,2019,O.bulk,Me.Zn,1812000,134002.07231488,81500
868,COM01194.00,2017,O.Fe,Me.Fe,6119866814.650389,,
869,COM01195.00,2020,O.Au,Me.Au,31053000,58.68351261,2.0610588348951793
870,COM01199.00,2018,O.Fe,Me.Fe,544600000,,
871,COM01200.00,2020,O.Au,Me.Au,3600000,6.917283612,2.1
872,COM01201.00,2009,O.Zn,Me.Zn,8000000,,
873,COM01201.00,2019,O.Zn,Me.Zn,2100000,,
874,COM01202.00,2010,F.coal,,15513120.000000002,,
875,COM01205.00,2018,O.Au,Me.Au,50908000,26.280007821,0.57
876,COM01206.00,2019,F.stc,,2721600,,
877,COM01209.00,2019,O.bulk,Me.Au,109300000,,
878,COM01209.00,2019,O.bulk,Me.Cu,109300000,,
879,COM01211.00,2019,F.coal,,93078720,,
880,COM01214.00,2019,F.coal,,137000000,,
881,COM01222.00,2018,F.coal,,199221120,,
882,COM01227.00,2018,O.pgm,Me.pgm,23900000,418.32556330628,19.2
883,COM01229.00,2019,O.Fe,Me.Fe,5000000000,,
884,COM01231.00,2020,F.coal,,19000000,,
885,COM01233.00,2020,F.coc,,302000000,,
886,COM01234.00,2020,F.coc,,1966000000,,
887,COM01235.00,2020,F.coc,,215000000,,
888,COM01236.00,2020,F.coc,,329000000,,
889,COM01237.00,2020,F.lig,,3939000000,,
890,COM01238.00,2020,F.coc,,2000000,,
891,COM01238.00,2020,F.lig,,100000000,,
892,COM01239.00,2020,F.coc,,70000000,,
893,COM01239.00,2020,F.lig,,464000000,,
894,COM01240.00,2010,F.coal,,51256800,,
895,COM01241.00,2017,O.Au,Me.Au,,226.79618504,
896,COM01243.00,2018,O.Au,Me.Au,84000000,165.5612150792,2.16
897,COM01244.00,2013,F.coal,,7076160,,
898,COM01245.00,2020,F.coal,,152000000,,
899,COM01246.00,2019,F.coal,,362000000,,
900,COM01248.00,2019,O.bulk,Me.Fe,35092000,,
901,COM01248.00,2019,O.bulk,Me.Ni,35092000,512330.00000000006,14600
902,COM01248.00,2019,O.Fe,Me.Fe,71208000,,
903,COM01248.00,2019,O.Fe,Me.Ni,71208000,733440,10300
904,COM01251.00,2019,O.bulk,Me.Ag,42215608,,
905,COM01251.00,2019,O.bulk,Me.Cu,42215608,,
906,COM01255.00,2019,O.bulk,Me.Ag,2445606,,
907,COM01255.00,2019,O.bulk,Me.Au,2445606,,
908,COM01255.00,2019,O.bulk,Me.Pb,2445606,,
909,COM01255.00,2019,O.bulk,Me.Zn,2445606,,
910,COM01256.00,2017,O.Au,Me.Au,26400000,125.02139643000001,4.706020839580001
911,COM01257.00,2020,F.coal,,2770000000,,
912,COM01258.00,2019,O.bulk,Me.Ag,66858656,,
913,COM01258.00,2019,O.bulk,Me.Au,66858656,,
914,COM01259.00,2013,O.P,Nm.PO,680900000,,
915,COM01260.00,2013,O.K2O,Me.KCl,12900000,,
916,COM01261.00,2018,O.bulk,Me.Pb,19000000,,
917,COM01261.00,2018,O.bulk,Me.Zn,19000000,,
918,COM01265.00,2018,O.Au,Me.Au,119917000,210.92045112000002,1.9000000000000001
919,COM01266.00,2014,O.Au,Me.Au,4630000,34.019427756,8.09
920,COM01267.00,2014,O.Au,Me.Au,4630000,34.019427756,8.09
921,COM01269.00,2019,F.coal,,13000000,,
922,COM01270.00,2018,O.bulk,Me.Au,77200000,55.2815701035,0.7952849740932643
923,COM01270.00,2018,O.bulk,Me.Cu,81600000,200200,1017.5735294117646
924,COM01270.00,2018,O.bulk,Me.Pb,44000000,140000,3200
925,COM01270.00,2018,O.bulk,Me.WO3,44000000,160000,3600
926,COM01270.00,2018,O.bulk,Me.Zn,44000000,290000,6500
927,COM01274.00,2011,O.Fe,Me.Fe,10400000,,
928,COM01275.00,2019,O.bulk,Me.Ag,1549000,,
929,COM01275.00,2019,O.bulk,Me.Au,1549000,,
930,COM01275.00,2019,O.bulk,Me.Cu,1549000,,
931,COM01275.00,2019,O.bulk,Me.Pb,1549000,,
932,COM01275.00,2019,O.bulk,Me.Zn,1549000,,
933,COM01276.00,2018,O.bulk,Me.Ag,12080000,,
934,COM01276.00,2018,O.bulk,Me.Au,12080000,,
935,COM01276.00,2018,O.bulk,Me.Cu,7880000,,
936,COM01276.00,2018,O.bulk,Me.Pb,7870000,,
937,COM01276.00,2018,O.bulk,Me.Te,4200000,,
938,COM01276.00,2018,O.bulk,Me.Zn,7880000,,
939,COM01278.00,2020,O.Au,Me.Au,33000000,48.1941891,1.6
940,COM01280.00,2020,F.coal,,12000000,,
941,COM01281.00,2019,O.Mn,Me.Mn,3150000,,
942,COM01282.00,2019,O.Fe,Me.Fe,613082759.8,,
943,COM01284.00,2019,O.bulk,Me.Au,9900000,,
944,COM01288.00,2020,F.coal,,8603000,,
945,COM01289.00,2018,O.Au,Me.Au,,26.9320469735,
946,COM01290.00,2018,O.sul,Me.Cu,2064661000,,
947,COM01290.00,2018,O.sul,Me.Mo,2064661000,,
948,COM01292.00,2020,O.Au,Me.Au,50520000,49.214771928000005,1.0352731591448932
949,COM01295.00,2020,O.Cu,Me.Ag,4900000,19.135928025,4.753061224489796
950,COM01295.00,2020,O.Cu,Me.Au,5600000,1.304078058,0.24642857142857144
951,COM01295.00,2020,O.Cu,Me.Cu,5600000,85000,15321.42857142857
952,COM01296.00,2018,O.Au,Me.Au,65671428.571428575,106.1082151437143,1.77
953,COM01299.00,2013,F.coal,,167800000,,
954,COM01300.00,2019,O.Au,Me.Ag,35990000,996.4573839270001,30.768824673520424
955,COM01300.00,2019,O.Au,Me.Au,35990000,24.692434533,0.752167268685746
956,COM01301.00,2012,O.Au,Me.Au,46394.74192924802,0.6028315348927122,12.984081593540001
957,COM01302.00,2019,F.coal,,64955519.99999999,,
958,COM01303.00,2018,F.obc,,3378412.8000000003,,
959,COM01304.00,2018,F.obc,,14968800,,
960,COM01307.00,2019,F.stc,,4536000,,
961,COM01308.00,2017,O.Au,Me.Au,81400000,321.20009559000005,3.9716149498474334
962,COM01309.00,2020,F.coal,,246000000,,
963,COM01310.00,2019,O.pgm,Me.pgm,64970000,207.2350140803,3.5
964,COM01311.00,2019,O.Cu,Me.Cu,49000000,,
965,COM01313.00,2020,F.stc,,9000000,,
966,COM01314.00,2019,O.bulk,Me.Ag,10425777,,
967,COM01314.00,2019,O.bulk,Me.Pb,10425777,,
968,COM01314.00,2019,O.bulk,Me.Zn,10425777,,
969,COM01316.00,2002,O.Au,Me.Au,2500000,2.8349523130000005,1.07
970,COM01319.00,2019,O.Fe,Me.Fe,817917835,,
971,COM01320.00,2018,O.pgm,Me.pgm,52500000,158.75732952799999,3.3
972,COM01323.00,2016,O.Mn,Me.Mn,10100000,,
973,COM01324.00,2020,F.coal,,37423000,,
974,COM01329.00,2019,O.Fe,Me.Fe,3488800000,,
975,COM01331.00,2018,O.Au,Me.Ag,200486000,2546.07066063,13.930000000000001
976,COM01331.00,2018,O.Au,Me.Au,213152000,143.902178748,0.74
977,COM01335.00,2013,F.coal,,3538080,,
978,COM01338.00,2019,F.stc,,36650880,,
979,COM01346.00,2018,O.Au,Me.Au,400000000,311.84475443,0.8600000000000001
980,COM01346.00,2018,O.Au,Me.Cu,400000000,5000000,12000
981,COM01348.00,2019,F.coal,,13000000,,
982,COM01350.00,2014,O.Au,Me.Au,2200000,10.20582828,4.564273223930001
983,COM01350.00,2019,O.Au,Me.Ag,920000,23.246608966600004,27.403260869565216
984,COM01350.00,2019,O.Au,Me.Au,920000,2.8349523130000005,3.3752173913043477
985,COM01351.00,2019,F.stc,,162388800,,
986,COM01353.00,2019,F.coal,,81375840,,
987,COM01354.00,2020,F.coal,,158200000,,
988,COM01355.00,2018,O.Al,Me.Al2O3,1267000000,,
989,COM01359.00,2020,F.coal,,7500000,,
990,COM01360.00,2019,F.stc,,45813600,,
991,COM01364.00,2019,O.Fe,Me.Fe,480000000,,
992,COM01366.00,2019,O.Cu,Me.Cu,8340000,113500,13287.769784172662
993,COM01367.00,2019,O.Au,Me.Au,30966000,21.772433664,0.7087380782500001
994,COM01370.00,2019,F.stc,,27216000,,
995,COM01373.00,2019,F.stc,,94348800,,
996,COM01374.00,2020,O.Au,Me.Au,24700000,39.689332381999996,1.7
997,COM01378.00,2019,M.lat,Me.Al2O3,270000000,,
998,COM01378.00,2019,M.lat,Nm.SiO2,270000000,,
999,COM01379.00,2018,O.bulk,Me.Zn,,47834,31000
1000,COM01380.00,2019,O.Al,Me.Al2O3,22470000,,
1001,COM01380.00,2019,O.Al,Nm.SiO2,22470000,,
1002,COM01381.00,2019,O.Al,Me.Al2O3,10290000,,
1003,COM01381.00,2019,O.Al,Nm.SiO2,10290000,,
1004,COM01385.00,2019,O.Al,Me.Al2O3,1110000,,
1005,COM01385.00,2019,O.Al,Nm.SiO2,1110000,,
1006,COM01388.00,2017,O.bulk,Me.Ag,178941524.79644707,1416.4269448556624,7.973926366213754
1007,COM01388.00,2017,O.bulk,Me.Au,193190229.45965952,108.59273243893412,0.5503717766272413
1008,COM01392.00,2019,O.Al,Me.Al2O3,1010000,,
1009,COM01392.00,2019,O.Al,Nm.SiO2,1010000,,
1010,COM01394.00,2020,F.coal,,269000000,,
1011,COM01395.00,2020,F.coal,,51000000,,
1012,COM01398.00,2018,O.bulk,Me.Ag,21500000,,
1013,COM01398.00,2018,O.bulk,Me.Cu,21500000,,
1014,COM01398.00,2018,O.bulk,Me.Pb,21500000,,
1015,COM01398.00,2018,O.bulk,Me.Zn,21500000,,
1016,COM01399.00,2019,O.bulk,Me.Ag,8439000,357.203991438,46.49
1017,COM01399.00,2019,O.bulk,Me.Au,8439000,3.855535128,0.5
1018,COM01399.00,2019,O.bulk,Me.Cu,8439000,95163.67922600001,11299.999999999998
1019,COM01399.00,2019,O.bulk,Me.Pb,8439000,65544.097465,7800
1020,COM01399.00,2019,O.bulk,Me.Zn,8439000,259454.83564,30700
1021,COM01402.00,2020,F.coal,,1530043915,,
1022,COM01409.00,2018,O.bulk,Me.Au,440700000,,
1023,COM01409.00,2018,O.bulk,Me.Cu,440700000,,
1024,COM01410.00,2018,O.Cu,Me.Cu,467484000,2167173.625386,4640
1025,COM01410.00,2019,O.Cu,Me.Cu,568500000,,
1026,COM01416.00,2019,O.bulk,Me.Ag,10100000,,
1027,COM01416.00,2019,O.bulk,Me.Pb,10100000,,
1028,COM01416.00,2019,O.bulk,Me.Zn,10100000,,
1029,COM01418.00,2018,O.Au,Me.Au,,9.896,7.879999999999999
1030,COM01419.00,2020,F.coal,,25000000,,
1031,COM01428.00,2019,F.coal,,3080000000,,
1032,COM01429.00,2020,F.stc,,47200000,,
1033,COM01430.00,2018,O.bulk,Me.Au,,0.357,0.32
1034,COM01430.00,2018,O.bulk,Me.Cu,,501440,6800.000000000001
1035,COM01432.00,2019,O.bulk,Me.Ag,10816000,822.13617077,82.00000000000001
1036,COM01432.00,2019,O.bulk,Me.Pb,10816000,371000,34000
1037,COM01432.00,2019,O.bulk,Me.Zn,10816000,803000,74000
1038,COM01435.00,2019,O.Al,Me.Al2O3,10360000,,
1039,COM01435.00,2019,O.Al,Nm.SiO2,10360000,,
