id,facility_id,year,waste_type,material,value_tonnes,total_material_tonnes
1,COM00009.00,2007,Waste rock,,32035046.400000002,40129992
2,COM00009.00,2008,Waste rock,,34772976,45874382.400000006
3,COM00009.00,2009,Waste rock,,36731620.800000004,47148091.2
4,COM00009.00,2010,Waste rock,,35193916.800000004,46316188.800000004
5,COM00009.00,2011,Waste rock,,33294240,47475590.400000006
6,COM00009.00,2012,Waste rock,,31673980.8,44250494.4
7,COM00009.00,2013,Waste rock,,38332828.800000004,54468288
8,COM00009.00,2014,Waste rock,,29530267.200000003,41439988.800000004
9,COM00009.00,2015,Waste rock,,29820571.200000003,36366926.4
10,COM00009.00,2016,Waste rock,,29099347.200000003,34936272
11,COM00009.00,2017,Waste rock,,29322518.400000002,35701041.6
12,COM00009.00,2018,Waste rock,,26822275.200000003,32926824
13,COM00009.00,2019,Waste rock,,29498515.200000003,36045777.6
14,COM00016.00,2013,Waste rock,,4014360,5747112
15,COM00016.00,2014,Waste rock,,21907972.8,33295147.200000003
16,COM00016.00,2015,Waste rock,,23139950.400000002,32506790.400000002
17,COM00016.00,2016,Waste rock,,24166900.8,33147273.6
18,COM00016.00,2017,Waste rock,,23740516.8,31957934.400000002
19,COM00016.00,2018,Waste rock,,21741955.2,32364360
20,COM00016.00,2019,Waste rock,,20722262.400000002,32375246.400000002
21,COM00031.00,2005,Waste rock,,81553333.33333333,
22,COM00031.00,2006,Waste rock,,81161066.66666667,
23,COM00031.00,2007,Waste rock,,84308800,
24,COM00031.00,2008,Waste rock,,71326666.66666667,
25,COM00031.00,2009,Waste rock,,58895733.333333336,
26,COM00031.00,2010,Waste rock,,59126933.333333336,
27,COM00031.00,2011,Waste rock,,52201600,
28,COM00031.00,2012,Waste rock,,65618933.333333336,
29,COM00031.00,2013,Waste rock,,55153600,
30,COM00031.00,2014,Waste rock,,42427200,
31,COM00031.00,2015,Waste rock,,45650666.666666664,
32,COM00031.00,2016,Waste rock,,25274666.666666668,
33,COM00048.00,2013,,,,211586000
34,COM00048.00,2014,,,,194102000
35,COM00048.00,2015,,,,215653000
36,COM00048.00,2016,,,,244443000
37,COM00048.00,2017,,,,236366000
38,COM00048.00,2018,,,,242407000
39,COM00051.00,2017,Waste rock,,2480723,
40,COM00051.00,2018,Waste rock,,4849538,
41,COM00057.00,2016,Tailings,,3453660,
42,COM00057.00,2016,Waste rock,,3016025,
43,COM00057.00,2017,Tailings,,3745230,
44,COM00057.00,2017,Waste rock,,5370285,
45,COM00057.00,2018,Tailings,,5466997,
46,COM00057.00,2018,Waste rock,,4138257,
47,COM00071.00,2007,Waste rock,,1098000,
48,COM00071.00,2008,Waste rock,,4270000,
49,COM00071.00,2009,Waste rock,,17934000,
50,COM00071.00,2010,Waste rock,,20252000,
51,COM00071.00,2011,Waste rock,,50752000,
52,COM00071.00,2012,Waste rock,,57950000,
53,COM00071.00,2013,Waste rock,,38552000,
54,COM00071.00,2014,Waste rock,,22204000,
55,COM00071.00,2015,Waste rock,,27572000,
56,COM00071.00,2016,Waste rock,,42334000,
57,COM00071.00,2017,Waste rock,,43066000,
58,COM00071.00,2018,Waste rock,,51972000,
59,COM00071.00,2019,Waste rock,,49166000,
60,COM00087.00,2014,Waste rock,,5087400,
61,COM00087.00,2015,Waste rock,,6710000,
62,COM00087.00,2016,Waste rock,,4892200,
63,COM00087.00,2017,Waste rock,,9394000,
64,COM00087.00,2018,Waste rock,,22374800,
65,COM00087.00,2019,Waste rock,,18836800,
66,COM00087.00,2020,Waste rock,,14835200,
67,COM00102.00,2016,Waste rock,F.stc,4551716,
68,COM00102.00,2017,Waste rock,F.stc,5409424,
69,COM00102.00,2018,Waste rock,F.stc,12463061,
70,COM00104.00,2007,Waste rock,,195378220.8,222179630.4
71,COM00104.00,2008,Waste rock,,108421286.4,177633388.8
72,COM00104.00,2009,Waste rock,,22280832,133013664
73,COM00104.00,2010,Waste rock,,60111979.2,85667803.2
74,COM00104.00,2011,Waste rock,,140997024,147703953.6
75,COM00104.00,2012,Waste rock,,177012864,178236676.8
76,COM00104.00,2013,Waste rock,,168702912,196014168
77,COM00104.00,2014,Waste rock,,53208187.2,116646868.80000001
78,COM00104.00,2015,Waste rock,,46992960,138852403.20000002
79,COM00105.00,2007,Waste rock,,17812000,
80,COM00105.00,2008,Waste rock,,23790000,
81,COM00105.00,2009,Waste rock,,44530000,
82,COM00105.00,2010,Waste rock,,31110000,
83,COM00105.00,2011,Waste rock,,34770000,
84,COM00105.00,2012,Waste rock,,38674000,
85,COM00105.00,2013,Waste rock,,17568000,
86,COM00124.00,2015,Waste rock,,50386000,
87,COM00124.00,2016,Waste rock,,50996000,
88,COM00124.00,2017,Waste rock,,56852000,
89,COM00124.00,2018,Waste rock,,59048000,
90,COM00129.00,2004,Waste rock,,40934660,
91,COM00129.00,2005,Waste rock,,48316880,
92,COM00129.00,2006,Waste rock,,53628760,
93,COM00129.00,2007,Waste rock,,56426220,
94,COM00129.00,2008,Waste rock,,61744200,
95,COM00129.00,2009,Waste rock,,65392000,
96,COM00129.00,2010,Waste rock,,75193480,
97,COM00129.00,2011,Waste rock,,101535720,
98,COM00129.00,2012,Waste rock,,99260420,
99,COM00129.00,2013,Waste rock,,102795980,
100,COM00129.00,2014,Waste rock,,,
101,COM00129.00,2015,Waste rock,,126759220,
102,COM00129.00,2016,Waste rock,,181281020,
103,COM00129.00,2017,Waste rock,,160082300,
104,COM00129.00,2018,Waste rock,,134768520,
105,COM00129.00,2019,Waste rock,,125958900,
106,COM00129.00,2020,Waste rock,,100828120,
107,COM00144.00,2018,Waste rock,F.stc,14248865,
108,COM00144.00,2019,,F.stc,,
109,COM00144.00,2020,,F.stc,,
110,COM00146.00,2019,Waste rock,,13679900,
111,COM00146.00,2020,Waste rock,,13742400,
112,COM00151.00,2009,Waste rock,,6412996.800000001,10090785.6
113,COM00151.00,2010,Waste rock,,46071244.800000004,94640918.4
114,COM00151.00,2011,Waste rock,,43213564.800000004,91187208
115,COM00151.00,2012,Waste rock,,43662628.800000004,82259452.8
116,COM00151.00,2013,Waste rock,,53713497.6,92283105.60000001
117,COM00151.00,2014,Waste rock,,46836921.6,96116025.60000001
118,COM00151.00,2015,Waste rock,,33808622.4,78392966.4
119,COM00151.00,2016,Waste rock,,38446228.800000004,83369865.60000001
120,COM00151.00,2017,Waste rock,,34879118.4,77597352
121,COM00151.00,2018,Waste rock,,44238700.800000004,79540574.4
122,COM00151.00,2019,Waste rock,,53309793.6,88422062.4
123,COM00154.00,2006,Waste rock,F.coal,8450807.02,
124,COM00154.00,2006,Waste rock,F.coal,453713.12,
125,COM00154.00,2007,Waste rock,F.coal,23865091,
126,COM00154.00,2007,Waste rock,F.coal,461020.92,
127,COM00154.00,2008,Waste rock,F.coal,36319847.74,
128,COM00154.00,2008,Waste rock,F.coal,514798.51999999996,
129,COM00154.00,2009,Waste rock,F.coal,53246307.08,
130,COM00154.00,2009,Waste rock,F.coal,603372.96,
131,COM00154.00,2010,Waste rock,F.coal,77940607.67999999,
132,COM00154.00,2010,Waste rock,F.coal,985420.84,
133,COM00154.00,2011,Waste rock,F.coal,109672128.14,
134,COM00154.00,2011,Waste rock,F.coal,1207060.68,
135,COM00154.00,2012,Waste rock,F.coal,150840459.62,
136,COM00154.00,2012,Waste rock,F.coal,1360569.6199999999,
137,COM00154.00,2013,Waste rock,F.coal,194107455.84,
138,COM00154.00,2013,Waste rock,F.coal,1677498.78,
139,COM00154.00,2014,Waste rock,F.coal,57828000,
140,COM00154.00,2014,Waste rock,F.coal,526308,
141,COM00154.00,2015,Waste rock,F.coal,72224000,
142,COM00154.00,2015,Waste rock,F.coal,184708,
143,COM00154.00,2016,Waste rock,F.coal,61000000,
144,COM00154.00,2016,Waste rock,F.coal,254126,
145,COM00154.00,2017,Waste rock,F.coal,63440000,
146,COM00154.00,2017,Waste rock,F.coal,154330,
147,COM00154.00,2018,Waste rock,F.coal,68076000,
148,COM00154.00,2018,Waste rock,F.coal,445117,
149,COM00154.00,2019,Waste rock,F.coal,66246000,
150,COM00154.00,2019,Waste rock,F.coal,142105.6,
151,COM00178.00,2005,,,,102508000
152,COM00178.00,2006,,,,114595000
153,COM00178.00,2007,,,,74672000
154,COM00178.00,2008,,,,4820000
155,COM00178.00,2009,,,,0
156,COM00178.00,2010,,,,6439000
157,COM00178.00,2011,,,,98306000
158,COM00178.00,2012,,,,150871000
159,COM00178.00,2013,,,,206710000
160,COM00178.00,2014,,,,271026000
161,COM00178.00,2015,,,,282954000
162,COM00178.00,2016,,,,257395000
163,COM00178.00,2017,,,,288716000
164,COM00178.00,2018,,,,297718000
165,COM00178.00,2019,,,,288882000
166,COM00179.00,2012,Tailings,F.coal,1211211,
167,COM00179.00,2012,Tailings,F.coal,4541733,
168,COM00179.00,2012,Waste rock,F.coal,11976.74,
169,COM00179.00,2012,Waste rock,F.coal,87682562.66,
170,COM00179.00,2013,Tailings,F.coal,2507358,
171,COM00179.00,2013,Tailings,F.coal,3202810,
172,COM00179.00,2013,Waste rock,F.coal,2466.84,
173,COM00179.00,2013,Waste rock,F.coal,18300,
174,COM00179.00,2013,Waste rock,F.coal,73705255.67999999,
175,COM00179.00,2014,Tailings,F.coal,2950066,
176,COM00179.00,2014,Tailings,F.coal,3144117,
177,COM00179.00,2014,Waste rock,F.coal,26453.26,
178,COM00179.00,2014,Waste rock,F.coal,13786,
179,COM00179.00,2014,Waste rock,F.coal,65255156.26,
180,COM00179.00,2015,Tailings,F.coal,1304959,
181,COM00179.00,2015,Tailings,F.coal,377201,
182,COM00179.00,2015,Tailings,F.coal,2667988,
183,COM00179.00,2015,Tailings,F.coal,771188,
184,COM00179.00,2015,Waste rock,F.coal,65962885.58,
185,COM00179.00,2016,Tailings,F.coal,995210,
186,COM00179.00,2016,Tailings,F.coal,381021,
187,COM00179.00,2016,Tailings,F.coal,2366563,
188,COM00179.00,2016,Tailings,F.coal,713395,
189,COM00179.00,2016,Waste rock,F.coal,67064182.019999996,
190,COM00179.00,2017,Tailings,F.coal,1588000,
191,COM00179.00,2017,Tailings,F.coal,400000,
192,COM00179.00,2017,Tailings,F.coal,2903883,
193,COM00179.00,2017,Tailings,F.coal,551368,
194,COM00179.00,2017,Waste rock,F.coal,56043140,
195,COM00179.00,2018,Tailings,F.coal,379288,
196,COM00179.00,2018,Tailings,F.coal,140664,
197,COM00179.00,2018,Tailings,F.coal,3870289,
198,COM00179.00,2018,Tailings,F.coal,1120733,
199,COM00179.00,2018,Waste rock,F.coal,63009734.059999995,
200,COM00179.00,2019,Tailings,F.coal,3391551,
201,COM00179.00,2019,Tailings,F.coal,1065844,
202,COM00179.00,2019,Waste rock,F.coal,78515540,
203,COM00179.00,2020,Tailings,F.coal,2943359,
204,COM00179.00,2020,Tailings,F.coal,887033,
205,COM00179.00,2020,Waste rock,F.coal,72033266.42,
206,COM00180.00,2002,,O.Au,,944000
207,COM00180.00,2003,,O.Au,,945000
208,COM00180.00,2005,,O.Au,,1011000
209,COM00180.00,2005,,O.Au,,1118000
210,COM00186.00,2009,,,,19843000
211,COM00186.00,2010,,,,18848000
212,COM00186.00,2011,,,,21534000
213,COM00186.00,2012,,,,28563000
214,COM00186.00,2013,,,,32177000
215,COM00186.00,2014,,,,24510000
216,COM00186.00,2015,,,,24989000
217,COM00186.00,2016,,,,21585000
218,COM00186.00,2017,,,,15368000
219,COM00186.00,2018,,,,478000
220,COM00187.00,2007,Surplus acid,,2080,
221,COM00187.00,2008,Surplus acid,,4405,
222,COM00187.00,2009,Surplus acid,,9587,
223,COM00193.00,2010,,,1052703.596,1052703.596
224,COM00193.00,2010,,,381448.844,1052703.596
225,COM00193.00,2010,,,858111.128,1052703.596
226,COM00193.00,2010,,,892626,1052703.596
227,COM00193.00,2010,,,1487710,1052703.596
228,COM00193.00,2010,,,905717.848,1052703.596
229,COM00193.00,2010,,,810504.408,1052703.596
230,COM00193.00,2010,,,953324.5680000001,1052703.596
231,COM00193.00,2010,,,1635885.916,1052703.596
232,COM00193.00,2010,,,1334773.412,1052703.596
233,COM00193.00,2010,,,1525200.2920000001,1052703.596
234,COM00193.00,2010,,,924760.5360000001,1052703.596
235,COM00193.00,2010,,,1130659.5999999999,1052703.596
236,COM00193.00,2010,,,1382380.132,1052703.596
237,COM00193.00,2010,,,714695.8840000001,1052703.596
238,COM00193.00,2010,,,833117.6,1052703.596
239,COM00193.00,2011,,,,5593578
240,COM00193.00,2012,,,,8546039
241,COM00193.00,2013,,,,3571611
242,COM00193.00,2014,,,,4316360
243,COM00205.00,2007,Waste rock,,76245624,
244,COM00205.00,2008,Waste rock,,53497584,
245,COM00205.00,2009,Waste rock,,66745425.6,
246,COM00205.00,2010,Waste rock,,63272664,
247,COM00205.00,2011,Waste rock,,50169974.400000006,
248,COM00205.00,2012,Waste rock,,56790720,
249,COM00205.00,2013,Waste rock,,59734584,
250,COM00205.00,2014,Waste rock,,58899960,78188846.4
251,COM00205.00,2015,Waste rock,,67092883.2,85728585.60000001
252,COM00205.00,2016,Waste rock,,56935872,78546283.2
253,COM00205.00,2017,Waste rock,,54867456,81561816
254,COM00205.00,2018,Waste rock,,44297668.800000004,60470323.2
255,COM00207.00,2013,,,,27833000
256,COM00207.00,2014,,,,29962000
257,COM00207.00,2015,,,,28362000
258,COM00207.00,2016,,,,28837000
259,COM00207.00,2017,,,,26516000
260,COM00207.00,2018,,,,24140000
261,COM00210.02,2007,,O.Fe,,7700000
262,COM00210.02,2008,,O.Fe,,6600000
263,COM00221.00,2000,Waste rock,,56778800,
264,COM00221.00,2001,Waste rock,,58011000,
265,COM00221.00,2002,Waste rock,,56620199.99999999,
266,COM00221.00,2003,Waste rock,,56900800,
267,COM00221.00,2004,Waste rock,,58682000,
268,COM00221.00,2005,Waste rock,,56949600,
269,COM00221.00,2006,Waste rock,,60963400,
270,COM00221.00,2007,Waste rock,,55998000,
271,COM00221.00,2008,Waste rock,,67368400,
272,COM00221.00,2009,Waste rock,,67868600,
273,COM00221.00,2010,Waste rock,,68381000,
274,COM00221.00,2011,Waste rock,,76274400,
275,COM00221.00,2012,Waste rock,,80129600.00000001,
276,COM00221.00,2013,Waste rock,,77238200,
277,COM00221.00,2014,Waste rock,,72004400,
278,COM00221.00,2015,Waste rock,,118801160,
279,COM00221.00,2016,Waste rock,,130269160,
280,COM00221.00,2017,Waste rock,,125208600,
281,COM00221.00,2018,Waste rock,,116658840,
282,COM00221.00,2019,Waste rock,,122597800,
283,COM00221.00,2020,Waste rock,,126094320,
284,COM00223.00,2016,Waste rock,,7209692.4799999995,
285,COM00223.00,2017,Waste rock,,6724211.78,
286,COM00223.01,2018,Waste rock,,3893653.1799999997,
287,COM00229.00,2019,Waste rock,,6640990,
288,COM00231.00,2014,,,,14095000
289,COM00231.00,2015,,,,11748000
290,COM00231.00,2016,,,,13561000
291,COM00231.00,2017,,,,22243000
292,COM00231.00,2018,,,,20492000
293,COM00231.00,2019,,,,26347000
294,COM00244.00,2015,Waste rock,,24784951,
295,COM00244.00,2016,Waste rock,,27751926,
296,COM00244.00,2017,Waste rock,,32832383,
297,COM00244.00,2018,Waste rock,,31305991,
298,COM00244.00,2018,Waste rock,,6416534,
299,COM00294.00,2014,,O.Au,,152146000
300,COM00294.00,2015,,O.Au,,151357000
301,COM00294.00,2016,,O.Au,,124919000
302,COM00302.00,2016,Waste rock,,18717350.400000002,38542392
303,COM00302.00,2017,Waste rock,,19473955.2,39063124.800000004
304,COM00302.00,2018,Waste rock,,20221488,37874692.800000004
305,COM00302.00,2019,Waste rock,,17000928,38094235.2
306,COM00305.00,2005,,,,109855000
307,COM00305.00,2006,,,,112410000
308,COM00305.00,2007,,,,116438000
309,COM00305.00,2008,,,,118054000
310,COM00305.00,2009,,,,117939000
311,COM00305.00,2010,,,,126144000
312,COM00305.00,2011,,,,140108000
313,COM00305.00,2012,,,,154091000
314,COM00305.00,2013,,,,173277000
315,COM00305.00,2014,,,,182812000
316,COM00305.00,2015,,,,191651000
317,COM00305.00,2016,,,,175009000
318,COM00305.00,2017,,,,149265000
319,COM00305.00,2018,,,,175177000
320,COM00305.00,2019,,,,153911000
321,COM00315.00,2002,,O.Au,,840000
322,COM00315.00,2003,,O.Au,,876000
323,COM00315.00,2004,,O.Au,,896000
324,COM00315.00,2005,,O.Au,,808000
325,COM00333.00,2015,Waste rock,,24555000,
326,COM00333.00,2016,Waste rock,,17333000,
327,COM00333.00,2017,Waste rock,,240000,
328,COM00333.00,2018,Waste rock,,267000,
329,COM00333.00,2019,Waste rock,,94000,
330,COM00338.00,2008,,,,18574252
331,COM00338.00,2009,,,,26540332
332,COM00338.00,2010,,,,27645151
333,COM00338.00,2011,,,,30930930
334,COM00351.00,2013,,,,749000
335,COM00351.00,2014,,,,666000
336,COM00351.00,2015,,,,179000
337,COM00366.00,2000,Waste rock,,35294600,
338,COM00366.00,2001,Waste rock,,38588600,
339,COM00366.00,2002,Waste rock,,40735800,
340,COM00366.00,2003,Waste rock,,39088800,
341,COM00366.00,2004,Waste rock,,43871200,
342,COM00366.00,2005,Waste rock,,48434000,
343,COM00366.00,2006,Waste rock,,54046000,
344,COM00366.00,2007,Waste rock,,59511600,
345,COM00366.00,2008,Waste rock,,48775599.99999999,
346,COM00366.00,2009,Waste rock,,52545400,
347,COM00366.00,2010,Waste rock,,60682800,
348,COM00366.00,2011,Waste rock,,68625000,
349,COM00366.00,2012,Waste rock,,73578200,
350,COM00366.00,2013,Waste rock,,93269000,
351,COM00366.00,2014,Waste rock,,104627200,
352,COM00366.00,2015,Waste rock,,114737340,
353,COM00366.00,2016,Waste rock,,145447180,
354,COM00366.00,2017,Waste rock,,152057140,
355,COM00366.00,2018,Waste rock,,145051900,
356,COM00366.00,2019,Waste rock,,153788320,
357,COM00366.00,2020,Waste rock,,171355100.00000003,
358,COM00368.00,2012,,,,6553000
359,COM00368.00,2013,,,,32709705
360,COM00368.00,2014,,,,27109398
361,COM00368.00,2015,,,,15243239
362,COM00368.00,2016,,,,30422537
363,COM00368.00,2017,,,,36732463
364,COM00368.00,2018,,,,39915542
365,COM00368.00,2019,,,,26559654
366,COM00368.00,2020,,,,25158278
367,COM00378.00,2002,,,,
368,COM00378.00,2003,,,,13123000
369,COM00378.00,2004,,,,
370,COM00378.00,2005,,,,8133000
371,COM00378.00,2006,,,,6696000
372,COM00378.00,2007,,,,8411000
373,COM00378.00,2008,,,,
374,COM00378.00,2009,,,,
375,COM00378.00,2010,,,,8670000
376,COM00378.00,2011,,,,7411000
377,COM00378.00,2012,,,,7871000
378,COM00378.00,2013,,,,8838000
379,COM00378.00,2014,,,,10953000
380,COM00378.00,2015,,,,15900000
381,COM00378.00,2016,,,,12347000
382,COM00378.00,2017,,,,17591000
383,COM00378.00,2018,,,,15732000
384,COM00378.00,2019,,,,10910000
385,COM00379.00,2005,Waste rock,,4757800,
386,COM00379.00,2006,Waste rock,,4757800,
387,COM00379.00,2007,Waste rock,,4595200,
388,COM00379.00,2008,Waste rock,,3997600,
389,COM00379.00,2009,Waste rock,,4620400,
390,COM00379.00,2010,Waste rock,,4334000,
391,COM00379.00,2011,Waste rock,,4504600,
392,COM00379.00,2012,Waste rock,,11032300,
393,COM00379.00,2013,Waste rock,,12738800,
394,COM00379.00,2014,Waste rock,,9590600,
395,COM00398.00,2002,,O.Au,,254000
396,COM00398.00,2003,,O.Au,,272000
397,COM00398.00,2004,,O.Au,,269000
398,COM00398.00,2005,,O.Au,,200000
399,COM00403.00,2011,Waste rock,O.Fe,785680,
400,COM00403.00,2012,Waste rock,O.Fe,1662860,
401,COM00403.00,2013,Waste rock,O.Fe,2149000,
402,COM00403.00,2014,Waste rock,O.Fe,1673000,
403,COM00403.00,2015,Waste rock,O.Fe,2202000,
404,COM00403.00,2016,Waste rock,O.Fe,1973000,
405,COM00403.00,2017,Waste rock,O.Fe,658000,
406,COM00403.00,2018,Waste rock,O.Fe,1659000,
407,COM00403.00,2019,Waste rock,O.Fe,252000,
408,COM00412.00,2007,,O.Fe,,650000
409,COM00412.00,2008,,O.Fe,,1100000
410,COM00422.00,2017,Waste rock,,68229.72,
411,COM00422.00,2018,Waste rock,,3852850.28,
412,COM00431.00,2007,Waste rock,,10174000,
413,COM00431.00,2008,Waste rock,,12425000,
414,COM00431.00,2009,Waste rock,,10626000,
415,COM00488.00,2002,,O.Au,,142898000
416,COM00488.00,2002,,O.Au,,1638000
417,COM00488.00,2003,,O.Au,,141693000
418,COM00488.00,2003,,O.Au,,1631000
419,COM00488.00,2004,,O.Au,,134212000
420,COM00488.00,2004,,O.Au,,1573000
421,COM00488.00,2005,,O.Au,,129833000
422,COM00488.00,2005,,O.Au,,1463000
423,COM00488.00,2014,,O.Au,,81410000
424,COM00488.00,2015,,O.Au,,72304000
425,COM00488.00,2016,,O.Au,,67834000
426,COM00508.00,2006,Waste rock,,1719000,
427,COM00508.00,2007,Waste rock,,5855000,
428,COM00508.00,2008,Waste rock,,4310000,
429,COM00508.00,2009,Waste rock,,8804000,
430,COM00516.00,2017,Waste rock,,16475000,
431,COM00516.00,2018,Waste rock,,13913000,
432,COM00516.00,2019,Waste rock,,21730000,
433,COM00529.00,2002,,O.Au,,4114000
434,COM00529.00,2003,,O.Au,,4178000
435,COM00529.00,2004,,O.Au,,4715000
436,COM00529.00,2005,,O.Au,,4409000
437,COM00533.00,2015,,,,117033000
438,COM00533.00,2016,,,,118841000
439,COM00533.00,2017,,,,130025000
440,COM00533.00,2018,,,,124024000
441,COM00538.00,2013,,O.Cu,,110532000
442,COM00538.00,2014,,O.Cu,,124217000
443,COM00538.00,2015,,O.Cu,,116231000
444,COM00538.00,2016,,O.Cu,,115369000
445,COM00538.00,2017,,O.Cu,,118766000
446,COM00538.00,2018,,O.Cu,,112037000
447,COM00543.00,2002,,O.Au,,520000
448,COM00543.00,2003,,O.Au,,557000
449,COM00558.00,2010,Waste rock,,1381.406,
450,COM00558.00,2010,,,,3626200
451,COM00558.00,2011,Waste rock,,287.188,
452,COM00558.00,2011,,,,1616000
453,COM00558.00,2012,Waste rock,,520.696,
454,COM00558.00,2012,,,,12377100
455,COM00558.00,2013,Waste rock,,288.408,
456,COM00558.00,2013,,,,2600900
457,COM00558.00,2014,Waste rock,,0,
458,COM00558.00,2014,,,,0
459,COM00558.00,2015,Waste rock,,319.64,
460,COM00558.00,2015,,,,1815000
461,COM00558.00,2016,Waste rock,,475.8,
462,COM00558.00,2016,,,,1851000
463,COM00558.00,2017,Waste rock,,256.2,
464,COM00558.00,2017,,,,1635000
465,COM00558.00,2018,Waste rock,,1777.54,
466,COM00558.00,2018,,,,1653000
467,COM00558.01,2019,Waste rock,,13588.36,
468,COM00558.01,2019,,,,11001000
469,COM00560.00,2011,,,,1124000
470,COM00560.00,2012,,,,1164000
471,COM00560.00,2013,,,,1180000
472,COM00562.00,2011,,,,1553000
473,COM00562.00,2012,,,,1590000
474,COM00562.00,2013,,,,1595000
475,COM00563.00,2011,,,,154300
476,COM00563.00,2012,,,,154300
477,COM00563.00,2013,,,,290400
478,COM00579.00,2016,Waste rock,,9022998,
479,COM00579.00,2017,Waste rock,,27260900,
480,COM00579.00,2018,Waste rock,,28526040,
481,COM00579.00,2019,Waste rock,,31424760,
482,COM00579.00,2020,Waste rock,,50409180,
483,COM00587.00,2010,Waste rock,,1556720,
484,COM00587.00,2010,,,,1276000
485,COM00587.00,2011,Waste rock,,3239100,
486,COM00587.00,2011,,,,2655000
487,COM00587.00,2012,Waste rock,,1105076,
488,COM00587.00,2012,,,,9137900
489,COM00587.00,2013,Waste rock,,340868,
490,COM00587.00,2013,,,,8684100
491,COM00587.00,2014,Waste rock,,1716540,
492,COM00587.00,2014,,,,7989000
493,COM00587.00,2015,Waste rock,,1460340,
494,COM00587.00,2015,,,,7933000
495,COM00587.00,2016,Waste rock,,523380,
496,COM00587.00,2016,,,,2497000
497,COM00587.00,2017,Waste rock,,995520,
498,COM00587.00,2017,,,,620000
499,COM00587.00,2018,Waste rock,,3672200,
500,COM00587.00,2018,,,,10312000
501,COM00587.00,2019,Waste rock,,1787300,
502,COM00587.00,2019,,,,9845000
503,COM00605.00,2007,Waste rock,,4926096,5802451.2
504,COM00605.00,2011,Waste rock,,115214.40000000001,
505,COM00611.00,2002,,O.Au,,46324000
506,COM00611.00,2003,,O.Au,,48677000
507,COM00611.00,2004,,O.Au,,45459000
508,COM00611.00,2005,,O.Au,,43532000
509,COM00611.00,2007,Waste rock,,33032966.400000002,39148401.6
510,COM00611.00,2008,Waste rock,,35437046.4,41839156.800000004
511,COM00611.00,2009,Waste rock,,35185752,40817649.6
512,COM00611.00,2010,Waste rock,,27822009.6,34482672
513,COM00611.00,2011,Waste rock,,30380313.6,37004688
514,COM00611.00,2012,Waste rock,,28000728,33655305.6
515,COM00611.00,2013,Waste rock,,30840264,36104745.6
516,COM00611.00,2014,Waste rock,,29435011.200000003,34278552
517,COM00611.00,2015,Waste rock,,30156235.200000003,36485769.6
518,COM00611.00,2016,Waste rock,,23629838.400000002,31498891.200000003
519,COM00611.00,2017,Waste rock,,19094745.6,26160019.200000003
520,COM00611.00,2018,Waste rock,,9798667.200000001,14075208
521,COM00611.00,2019,Waste rock,,11401689.600000001,14119660.8
522,COM00615.00,2019,,F.stc,,
523,COM00615.00,2020,,F.stc,,
524,COM00618.00,2004,Waste rock,,4032000,
525,COM00618.00,2005,Waste rock,,16141000,
526,COM00618.00,2006,Waste rock,,21911000,
527,COM00618.00,2007,Waste rock,,24961000,
528,COM00618.00,2008,Waste rock,,28675000,
529,COM00618.00,2009,Waste rock,,20802000,
530,COM00618.00,2014,Waste rock,,54966000,
531,COM00618.00,2015,Waste rock,,70729000,
532,COM00618.00,2016,Waste rock,,74935000,
533,COM00618.00,2017,Waste rock,,55255000,
534,COM00618.00,2018,Waste rock,,48719000,
535,COM00618.00,2019,Waste rock,,52768000,
536,COM00623.00,2017,,,,7243003
537,COM00623.00,2018,,,,5635817
538,COM00623.00,2019,,,,5624221
539,COM00623.00,2020,Waste rock,O.Au,6290162,6661693
540,COM00644.00,2008,Waste rock,,130149600,
541,COM00644.00,2009,Waste rock,,198910020,
542,COM00644.00,2010,Waste rock,,207400000,
543,COM00644.00,2012,Waste rock,,292068000,
544,COM00644.00,2013,Waste rock,,294142000,
545,COM00644.00,2014,Waste rock,,314028000,
546,COM00644.00,2015,Waste rock,,298290000,
547,COM00644.00,2016,Waste rock,,236558000,
548,COM00644.00,2017,Waste rock,,238998000,
549,COM00644.00,2018,Waste rock,,260592000,
550,COM00644.00,2019,Waste rock,,261812000,
551,COM00644.00,2020,Waste rock,,227164000,
552,COM00650.00,2012,Waste rock,,20984000,
553,COM00650.00,2013,Waste rock,,35868000,
554,COM00650.00,2014,Waste rock,,26352000,
555,COM00650.00,2015,Waste rock,,22692000,
556,COM00650.00,2016,Waste rock,,30012000,
557,COM00650.00,2017,Waste rock,,38674000,
558,COM00650.00,2018,Waste rock,,30988000,
559,COM00650.00,2019,Waste rock,,25986000,
560,COM00651.00,2011,Waste rock,O.Cu,6467790,
561,COM00651.00,2012,Waste rock,O.Cu,7404906,
562,COM00651.00,2013,Waste rock,O.Cu,3086192,
563,COM00651.00,2017,,,,1415051
564,COM00651.00,2018,Waste rock,O.Cu,2448997,
565,COM00651.00,2019,Waste rock,O.Cu,2252320,
566,COM00661.00,2016,Waste rock,,50200000,
567,COM00665.00,2007,Waste rock,O.Fe,2132560,
568,COM00665.00,2008,Waste rock,O.Fe,10405380,
569,COM00665.00,2009,Waste rock,O.Fe,14475300,
570,COM00665.00,2010,Waste rock,O.Fe,16130840,
571,COM00665.00,2011,Waste rock,O.Fe,11816920,
572,COM00665.00,2012,Waste rock,O.Fe,10252880,
573,COM00665.00,2013,Waste rock,O.Fe,13330000,
574,COM00665.00,2014,Waste rock,O.Fe,25181000,
575,COM00665.00,2015,Waste rock,O.Fe,14428000,
576,COM00665.00,2016,Waste rock,O.Fe,3322000,
577,COM00665.00,2017,Waste rock,O.Fe,0,
578,COM00665.00,2018,Waste rock,O.Fe,0,
579,COM00665.00,2019,Waste rock,O.Fe,10185000,
580,COM00665.00,2020,Waste rock,O.Fe,12426000,
581,COM00693.00,2005,,,,75465000
582,COM00693.00,2006,,,,46606000
583,COM00693.00,2007,,,,80819000
584,COM00693.00,2008,,,,85739000
585,COM00693.00,2009,,,,85491000
586,COM00693.00,2010,,,,84163000
587,COM00693.00,2011,,,,84266000
588,COM00693.00,2012,,,,86632000
589,COM00693.00,2013,,,,88595000
590,COM00693.00,2014,,,,91454000
591,COM00693.00,2015,,,,94283000
592,COM00693.00,2016,,,,98435000
593,COM00693.00,2017,,,,98534000
594,COM00693.00,2018,,,,96541000
595,COM00693.00,2019,,,,94578000
596,COM00699.00,2005,,O.Au,,23653000
597,COM00699.00,2014,,O.Au,,50030000
598,COM00699.00,2015,,O.Au,,49126000
599,COM00699.00,2016,,O.Au,,40847000
600,COM00699.00,2017,,O.Au,,32859000
601,COM00699.00,2018,,O.Au,,31357000
602,COM00712.00,2002,,O.Au,,4746000
603,COM00712.00,2003,,O.Au,,1152000
604,COM00712.00,2004,,O.Au,,3365000
605,COM00712.00,2005,,O.Au,,2327000
606,COM00721.02,2020,Waste rock,,347000,1075000
607,COM00721.02,2020,Waste rock,,28000,1075000
608,COM00739.00,2016,Waste rock,,2780568,3428308.8000000003
609,COM00739.00,2017,Waste rock,,27885513.6,31853606.400000002
610,COM00739.00,2018,Waste rock,,29705356.8,34554340.800000004
611,COM00743.00,2002,Waste rock,,4156000,
612,COM00743.00,2003,Waste rock,,4487000,
613,COM00743.00,2004,Waste rock,,11029000,
614,COM00743.00,2005,Waste rock,,17246000,
615,COM00743.00,2006,Waste rock,,18843000,
616,COM00743.00,2007,Waste rock,,10254000,
617,COM00743.00,2008,Waste rock,,2094000,
618,COM00745.00,2011,,O.Fe,,77712000
619,COM00745.00,2012,,O.Fe,,83120000
620,COM00745.00,2013,,O.Fe,,80641000
621,COM00745.00,2014,,O.Fe,,72397000
622,COM00745.00,2015,,O.Fe,,68423000
623,COM00745.00,2016,,O.Fe,,60781000
624,COM00745.00,2017,,O.Fe,,63778000
625,COM00745.00,2018,,O.Fe,,74567000
626,COM00745.00,2019,,O.Fe,,46668000
627,COM00746.00,2008,Waste rock,,22556000,
628,COM00746.00,2009,Waste rock,,28655300,
629,COM00746.00,2010,Waste rock,,31644900,
630,COM00746.00,2011,Waste rock,,39663300,
631,COM00746.00,2012,Waste rock,,41172700,
632,COM00746.00,2013,Waste rock,,45805200,
633,COM00746.00,2014,Waste rock,,37360600,
634,COM00746.00,2015,Waste rock,,43862000,
635,COM00758.00,2002,Waste rock,,7580749.38,
636,COM00758.00,2003,Waste rock,,7955031.96,
637,COM00758.00,2004,Waste rock,,7672584.88,
638,COM00758.00,2005,Waste rock,,7278119.84,
639,COM00758.00,2006,Waste rock,,7383336.3,
640,COM00758.00,2015,Waste rock,,27717000,
641,COM00758.00,2016,Waste rock,,27053000,
642,COM00758.00,2017,Waste rock,,37069000,
643,COM00758.00,2018,Waste rock,,38613000,
644,COM00758.00,2019,Waste rock,,45163000,
645,COM00760.00,2000,Waste rock,,57904860,
646,COM00760.00,2001,Waste rock,,60518099.99999999,
647,COM00760.00,2002,Waste rock,,61685640,
648,COM00760.00,2003,Waste rock,,65942220,
649,COM00760.00,2004,Waste rock,,64295220,
650,COM00760.00,2005,Waste rock,,60768200,
651,COM00760.00,2006,Waste rock,,62732400,
652,COM00760.00,2007,Waste rock,,67673400,
653,COM00760.00,2008,Waste rock,,66563200,
654,COM00760.00,2009,Waste rock,,63244800.00000001,
655,COM00760.00,2010,Waste rock,,80605399.99999999,
656,COM00760.00,2011,Waste rock,,104517400,
657,COM00760.00,2012,Waste rock,,104517400,
658,COM00760.00,2013,Waste rock,,110313620.00000001,
659,COM00760.00,2014,Waste rock,,117156600,
660,COM00760.00,2015,Waste rock,,108849620,
661,COM00760.00,2016,Waste rock,,120065080,
662,COM00760.00,2017,Waste rock,,150477240,
663,COM00760.00,2018,Waste rock,,168578380,
664,COM00760.00,2019,Waste rock,,158602440,
665,COM00760.00,2020,Waste rock,,151907080,
666,COM00776.00,2005,Waste rock,,34257571.2143928,
667,COM00776.00,2006,Waste rock,,29080209.895052474,
668,COM00776.00,2007,Waste rock,,29276611.69415292,
669,COM00776.00,2008,Waste rock,,27728935.532233883,
670,COM00776.00,2009,Waste rock,,30388905.547226384,
671,COM00776.00,2010,Waste rock,,43573163.41829085,
672,COM00776.00,2011,Waste rock,,38060569.71514243,
673,COM00776.00,2012,Waste rock,,40238830.58470765,
674,COM00776.00,2015,Waste rock,,54054000,74592000
675,COM00776.00,2016,Waste rock,,51480000,75093000
676,COM00776.00,2017,Waste rock,,43422000,69011000
677,COM00776.00,2018,Waste rock,,42907000,70431000
678,COM00776.00,2019,Waste rock,,48364000,74039000
679,COM00779.00,2018,Waste rock,O.Au,,11700000
680,COM00779.00,2019,Waste rock,O.Au,6400000,12400000
681,COM00779.00,2020,Waste rock,O.Au,4400000,10600000
682,COM00791.00,2016,Waste rock,,6513696,13051886.4
683,COM00791.00,2017,Waste rock,,26326036.8,38387260.800000004
684,COM00791.00,2018,Waste rock,,27096249.6,42231067.2
685,COM00791.00,2019,Waste rock,,32780764.8,45452534.400000006
686,COM00793.00,2017,Waste rock,,7015000,
687,COM00793.00,2018,Waste rock,,10662800,
688,COM00793.00,2019,Waste rock,,10199200,
689,COM00793.00,2020,Waste rock,,5136200,
690,COM00827.00,2007,Waste rock,,6260000,10010000
691,COM00827.00,2008,Waste rock,,8370800,9529320
692,COM00827.00,2009,Waste rock,,11132511,12283599
693,COM00827.00,2010,Waste rock,,7873049,9367801
694,COM00827.00,2011,Waste rock,,10439357,11167610
695,COM00827.00,2012,Waste rock,,9805000,10748000
696,COM00827.00,2013,Waste rock,,9696000,11709000
697,COM00827.00,2014,Waste rock,,2858000,3376000
698,COM00827.00,2015,Waste rock,,5044000,5428000
699,COM00827.00,2016,Waste rock,,5585000,7091000
700,COM00827.00,2017,Waste rock,,7890000,8831000
701,COM00827.00,2018,Waste rock,,1315000,1862000
702,COM00862.00,2017,,,2788244.73,3631426.1969999997
703,COM00862.00,2017,,,1010324.97,3631426.1969999997
704,COM00862.00,2017,,,2272837.14,3631426.1969999997
705,COM00862.00,2017,,,2364255,3631426.1969999997
706,COM00862.00,2017,,,3940425,3631426.1969999997
707,COM00862.00,2017,,,2398930.74,3631426.1969999997
708,COM00862.00,2017,,,2146743.54,3631426.1969999997
709,COM00862.00,2017,,,2525024.3400000003,3631426.1969999997
710,COM00862.00,2017,,,4332891.33,3631426.1969999997
711,COM00862.00,2017,,,3535349.3099999996,3631426.1969999997
712,COM00862.00,2017,,,4039723.7100000004,3631426.1969999997
713,COM00862.00,2017,,,2449368.18,3631426.1969999997
714,COM00862.00,2017,,,2994723,3631426.1969999997
715,COM00862.00,2017,,,3661442.91,3631426.1969999997
716,COM00862.00,2017,,,1892980.1700000002,3631426.1969999997
717,COM00862.00,2017,,,2206638,3631426.1969999997
718,COM00862.00,2018,,,,6117219.6899999995
719,COM00862.00,2019,,,,8182233.535999999
720,COM00869.00,2007,Waste rock,,5612000,
721,COM00869.00,2008,Waste rock,,11834000,
722,COM00869.00,2009,Waste rock,,22448000,
723,COM00869.00,2010,Waste rock,,18910000,
724,COM00869.00,2011,Waste rock,,23180000,
725,COM00869.00,2012,Waste rock,,24766000,
726,COM00869.00,2013,Waste rock,,19032000,
727,COM00869.00,2014,Waste rock,,31598000,
728,COM00869.00,2015,Waste rock,,29646000,
729,COM00869.00,2016,Waste rock,,27694000,
730,COM00869.00,2017,Waste rock,,4270000,
731,COM00869.00,2018,Waste rock,,13176000,
732,COM00869.00,2019,Waste rock,,21838000,
733,COM00871.00,2010,Waste rock,,12272.59,
734,COM00871.00,2010,,,,8586400
735,COM00871.00,2011,Waste rock,,20289.332,
736,COM00871.00,2011,,,,7858300
737,COM00871.00,2012,Waste rock,,14652.444000000001,
738,COM00871.00,2012,,,,3528400
739,COM00871.00,2013,Waste rock,,13857.369999999999,
740,COM00871.00,2013,,,,3020200
741,COM00871.00,2014,Waste rock,,18176.78,
742,COM00871.00,2014,,,,3630000
743,COM00871.00,2015,Waste rock,,2648.62,
744,COM00871.00,2015,,,,567000
745,COM00875.00,2014,Waste rock,F.coal,14164600.16,
746,COM00875.00,2015,Waste rock,F.coal,8545997.52,
747,COM00875.00,2016,Waste rock,F.coal,9220218.32,
748,COM00875.00,2017,Waste rock,F.coal,9987808.16,
749,COM00875.00,2018,Waste rock,F.coal,9601803.82,
750,COM00875.00,2019,Waste rock,F.coal,9905636.28,
751,COM00875.00,2020,Waste rock,F.coal,11647884.12,
752,COM00879.00,2003,,,,16739000
753,COM00879.00,2004,,,,18618000
754,COM00879.00,2005,,,,18100000
755,COM00879.00,2006,,,,17382700
756,COM00879.00,2007,,,,18111700
757,COM00879.00,2008,,,,13418600
758,COM00890.00,2019,,F.stc,,
759,COM00890.00,2020,,F.stc,,
760,COM00906.00,2015,,,,82373000
761,COM00906.00,2016,,,,81423000
762,COM00906.00,2017,,,,85233000
763,COM00906.00,2018,,,,80305000
764,COM00913.00,2019,,F.stc,,
765,COM00913.00,2020,,F.stc,,
766,COM00914.00,2008,Waste rock,,7825943.76,
767,COM00914.00,2009,Waste rock,,5588072.14,
768,COM00914.00,2010,Waste rock,,8289743.84,
769,COM00914.00,2011,Waste rock,,7086402.9399999995,
770,COM00914.00,2012,Waste rock,,5459581.74,
771,COM00914.00,2013,Waste rock,,5774479.6,
772,COM00914.00,2014,Waste rock,,8029205.52,
773,COM00914.00,2015,Waste rock,,12425700,
774,COM00914.00,2016,Waste rock,,8910880,
775,COM00914.00,2017,Waste rock,,6690480,
776,COM00914.00,2018,Waste rock,,9580660,
777,COM00914.00,2019,Waste rock,,10374880,
778,COM00914.00,2020,Waste rock,,5770600.000000001,
779,COM00916.00,2009,,,,15888000
780,COM00916.00,2010,,,,20106000
781,COM00916.00,2011,,,,21808000
782,COM00916.00,2012,,,,18391000
783,COM00916.00,2013,,,,21027000
784,COM00916.00,2014,,,,16265000
785,COM00916.00,2014,,,,0
786,COM00916.00,2015,,,,15110000
787,COM00916.00,2015,,,,298000
788,COM00916.00,2016,,,,15556000
789,COM00916.00,2016,,,,440000
790,COM00916.00,2017,,,,15299000
791,COM00916.00,2017,,,,1084000
792,COM00916.00,2018,,,,15736000
793,COM00916.00,2018,,,,1199000
794,COM00918.00,2004,Waste rock,,1736389400,
795,COM00918.00,2005,Waste rock,,1623527200,
796,COM00918.00,2006,Waste rock,,1633140800.0000002,
797,COM00918.00,2007,Waste rock,,1702973600.0000002,
798,COM00918.00,2008,Waste rock,,2161217800,
799,COM00918.00,2009,Waste rock,,2473537800,
800,COM00918.00,2010,Waste rock,,2171307200,
801,COM00918.00,2011,Waste rock,,2223035200,
802,COM00918.00,2012,Waste rock,,2460300800,
803,COM00918.00,2013,Waste rock,,2387613200,
804,COM00918.00,2014,Waste rock,,2547201400,
805,COM00918.00,2015,Waste rock,,256949080,
806,COM00918.00,2016,Waste rock,,412468580,
807,COM00918.00,2017,Waste rock,,395445920,
808,COM00918.00,2018,Waste rock,,386489900,
809,COM00918.00,2019,Waste rock,,388234500,
810,COM00918.00,2020,Waste rock,,394345480,
811,COM00955.01,2007,,,,60288000
812,COM00955.01,2008,,,,77141000
813,COM00955.01,2009,,,,78854000
814,COM00955.01,2010,,,,60841000
815,COM00955.01,2012,,,,104903000
816,COM00955.01,2012,,,,74070000
817,COM00955.01,2013,,,,111047000
818,COM00955.01,2014,,,,103241000
819,COM00955.01,2015,,,,90151000
820,COM00955.01,2016,,,,88188000
821,COM00955.01,2017,,,,93442000
822,COM00955.01,2018,,,,89976000
823,COM00955.01,2019,,,,82513000
824,COM00955.02,2002,,,,64661000
825,COM00955.02,2003,,,,66012000
826,COM00955.02,2004,,,,73083000
827,COM00955.02,2005,,,,65593000
828,COM00955.02,2006,,,,69987000
829,COM00955.02,2007,,,,64605000
830,COM00955.02,2008,,,,68769000
831,COM00955.02,2009,,,,70340000
832,COM00955.02,2010,,,,63946000
833,COM00955.02,2011,,,,68094000
834,COM00955.02,2012,,,,64094000
835,COM00955.02,2013,,,,63056000
836,COM00955.02,2014,,,,66284000
837,COM00955.02,2015,,,,60882000
838,COM00955.02,2016,,,,53668000
839,COM00955.02,2017,,,,58235000
840,COM00955.02,2018,,,,77256000
841,COM00955.02,2019,,,,67458000
842,COM00971.00,2010,Waste rock,,152272100,
843,COM00971.00,2011,Waste rock,,111836400,155394300
844,COM00971.00,2012,Waste rock,,121904000,165383000
845,COM00971.00,2013,Waste rock,,120194200,181277900
846,COM00971.00,2014,Waste rock,,145175100,185463600
847,COM00971.00,2015,Waste rock,,151924000,194041000
848,COM00971.00,2016,Waste rock,,133771000,181612000
849,COM00972.00,2015,,,,619000
850,COM00972.00,2016,,,,761000
851,COM00972.00,2017,,,,724000
852,COM00972.00,2018,,,,861000
853,COM00981.00,2007,Waste rock,,40790433.6,
854,COM00981.00,2008,Waste rock,,35209339.2,
855,COM00981.00,2009,Waste rock,,30918283.200000003,
856,COM00981.00,2010,Waste rock,,30002011.200000003,
857,COM00981.00,2011,Waste rock,,28025222.400000002,
858,COM00981.00,2012,Waste rock,,18004291.2,
859,COM00981.00,2013,Waste rock,,17091648,
860,COM00981.00,2014,Waste rock,,19560139.2,33248880
861,COM00981.00,2015,Waste rock,,14255740.8,30214296
862,COM00981.00,2016,Waste rock,,20380248,38005329.6
863,COM00981.00,2017,Waste rock,,24308424,40181702.4
864,COM00981.00,2018,Waste rock,,23835772.8,41515286.4
865,COM00982.00,2002,,O.Au,,32311000
866,COM00982.00,2003,,O.Au,,39501000
867,COM00982.00,2004,,O.Au,,40225000
868,COM00982.00,2005,,O.Au,,46884000
869,COM00995.00,2002,,O.Au,,14289000
870,COM00995.00,2003,,O.Au,,14180000
871,COM00995.00,2004,,O.Au,,13722000
872,COM00995.00,2005,,O.Au,,3664000
873,COM01015.00,2009,Waste rock,,38467993,
874,COM01015.00,2010,Waste rock,,53353057,
875,COM01015.00,2011,Waste rock,,57683667,
876,COM01015.00,2012,Waste rock,,73009951,
877,COM01015.00,2013,Waste rock,,78507746,
878,COM01015.00,2014,Waste rock,,67956871,
879,COM01015.00,2015,Waste rock,,37985268,
880,COM01015.00,2016,Waste rock,,14736505,
881,COM01015.00,2017,Waste rock,,6493883,
882,COM01015.00,2018,Waste rock,,602401,
883,COM01016.00,2010,Waste rock,,275561400,
884,COM01016.00,2011,Waste rock,,365109400,
885,COM01016.00,2012,Waste rock,,404405600,
886,COM01016.00,2013,Waste rock,,359729200,
887,COM01016.00,2014,Waste rock,,384202400,
888,COM01016.00,2015,Waste rock,,318993400.00000006,
889,COM01016.00,2016,Waste rock,,279746000,
890,COM01016.00,2017,Waste rock,,274805000,
891,COM01016.00,2018,Waste rock,,300693400,
892,COM01016.00,2019,Waste rock,,300742200,
893,COM01016.00,2020,Waste rock,,234044800,
894,COM01017.00,2012,,,,
895,COM01017.00,2013,,,,
896,COM01017.00,2014,,,,
897,COM01017.00,2015,,,,
898,COM01020.00,2010,Waste rock,,9708130,
899,COM01020.00,2011,Waste rock,,14150166,
900,COM01020.00,2012,Waste rock,,15159886,
901,COM01020.00,2013,Waste rock,,18811193,
902,COM01020.00,2014,Waste rock,,4415635,
903,COM01020.00,2015,Waste rock,,4472112,
904,COM01020.00,2016,Waste rock,,3430485,
905,COM01020.00,2017,Waste rock,,3430485,
906,COM01020.00,2018,Waste rock,,3430485,
907,COM01031.00,2012,,,,
908,COM01031.00,2013,,,,
909,COM01031.00,2014,,,,
910,COM01031.00,2015,,,,
911,COM01036.01,2007,Waste rock,,59090700,
912,COM01036.01,2008,Waste rock,,71858000,
913,COM01036.01,2009,Waste rock,,64416000,
914,COM01036.01,2010,Waste rock,,73505000,
915,COM01036.01,2011,Waste rock,,14518000,
916,COM01036.01,2012,Waste rock,,94184000,
917,COM01036.01,2013,Waste rock,,94916000,
918,COM01036.01,2014,Waste rock,,87230000,
919,COM01036.01,2015,Waste rock,,89914000,
920,COM01036.01,2016,Waste rock,,70272000,
921,COM01036.01,2017,Waste rock,,64050000,
922,COM01036.01,2018,Waste rock,,67710000,
923,COM01036.01,2019,Waste rock,,95526000,
924,COM01036.02,2007,Waste rock,,350192460,
925,COM01036.02,2008,Waste rock,,375638000,
926,COM01036.02,2009,Waste rock,,477508000,
927,COM01036.02,2010,Waste rock,,488000000,
928,COM01036.02,2011,Waste rock,,527650000,
929,COM01036.02,2012,Waste rock,,549122000,
930,COM01036.02,2013,Waste rock,,579866000,
931,COM01036.02,2014,Waste rock,,532042000,
932,COM01036.02,2015,Waste rock,,529236000,
933,COM01036.02,2016,Waste rock,,535214000,
934,COM01036.02,2017,Waste rock,,523990000,
935,COM01036.02,2018,Waste rock,,545706000,
936,COM01036.02,2019,Waste rock,,552538000,
937,COM01037.00,2018,Waste rock,,5002000,
938,COM01039.00,2017,Waste rock,,41358000,
939,COM01039.00,2018,Waste rock,,45018000,
940,COM01039.00,2019,Waste rock,,32818000,
941,COM01042.00,2020,Waste rock,,1561600,
942,COM01043.00,2018,Waste rock,,6222000,
943,COM01043.00,2019,Waste rock,,15250000,
944,COM01046.00,2012,,,,
945,COM01046.00,2013,,,,
946,COM01046.00,2014,,,,
947,COM01046.00,2015,,,,
948,COM01052.00,2014,,O.Au,,35091666.66666667
949,COM01052.00,2015,,O.Au,,37893333.333333336
950,COM01052.00,2016,,O.Au,,38796666.66666667
951,COM01052.00,2017,,O.Au,,39050000
952,COM01052.00,2018,,O.Au,,40105000
953,COM01053.00,2011,,,,17480000
954,COM01053.00,2012,,,,17528000
955,COM01053.00,2013,,,,17423000
956,COM01053.00,2014,Waste rock,,14389000,16391000
957,COM01053.00,2015,Waste rock,,9090000,11900000
958,COM01053.00,2018,Waste rock,,696000,897000
959,COM01053.00,2019,Waste rock,,10839000,12282000
960,COM01056.00,2013,,,,56200000
961,COM01056.00,2014,,,,34520000
962,COM01056.00,2015,,,,22923000
963,COM01056.00,2016,,,,12489000
964,COM01056.00,2017,,,,13416000
965,COM01056.00,2018,,,,10936000
966,COM01072.00,2013,,,,12343000
967,COM01072.00,2014,,,,12930000
968,COM01072.00,2015,,,,12496000
969,COM01072.00,2016,,,,13704000
970,COM01072.00,2017,,,,11726000
971,COM01072.00,2018,,,,11469000
972,COM01101.00,2002,,O.Au,,31573000
973,COM01101.00,2003,,O.Au,,24563000
974,COM01101.00,2004,,O.Au,,19743000
975,COM01101.00,2005,,O.Au,,15985000
976,COM01135.00,2014,Waste rock,,7442000,
977,COM01135.00,2015,Waste rock,,2684000,
978,COM01135.00,2016,Waste rock,,7076000,
979,COM01135.00,2017,Waste rock,,15372000,
980,COM01135.00,2018,Waste rock,,17202000,
981,COM01135.00,2019,Waste rock,,10004000,
982,COM01137.00,2007,Waste rock,,66734000,
983,COM01137.00,2008,Waste rock,,58194000,
984,COM01137.00,2009,Waste rock,,75762000,
985,COM01137.00,2010,Waste rock,,54778000,
986,COM01137.00,2011,Waste rock,,81618000,
987,COM01137.00,2012,Waste rock,,73932000,
988,COM01137.00,2013,Waste rock,,24156000,
989,COM01137.00,2014,Waste rock,,0,
990,COM01137.00,2015,Waste rock,,2928000,
991,COM01137.00,2016,Waste rock,,10370000,
992,COM01137.00,2017,Waste rock,,33306000,
993,COM01137.00,2018,Waste rock,,51972000,
994,COM01137.00,2019,Waste rock,,30744000,
995,COM01148.00,2007,Waste rock,,51606000,
996,COM01148.00,2008,Waste rock,,60024000,
997,COM01148.00,2009,Waste rock,,94428000,
998,COM01148.00,2010,Waste rock,,79056000,
999,COM01148.00,2011,Waste rock,,117120000,
1000,COM01148.00,2012,Waste rock,,86742000,
1001,COM01148.00,2013,Waste rock,,29524000,
1002,COM01148.00,2014,Waste rock,,0,
1003,COM01148.00,2015,Waste rock,,0,
1004,COM01148.00,2016,Waste rock,,0,
1005,COM01148.00,2017,Waste rock,,244000,
1006,COM01148.00,2018,Waste rock,,20984000,
1007,COM01148.00,2019,Waste rock,,14762000,
1008,COM01150.00,2015,Waste rock,,95181000,
1009,COM01150.00,2016,Waste rock,,82098000,
1010,COM01189.00,2017,Waste rock,,11000,
1011,COM01189.00,2017,,,,11126000
1012,COM01189.00,2018,,,,8227000
1013,COM01189.00,2019,,,,8278000
1014,COM01195.00,2008,Waste rock,O.Au,81390,
1015,COM01195.00,2009,Waste rock,O.Au,199746,1908511
1016,COM01195.00,2010,Waste rock,O.Au,634296,2615796
1017,COM01199.00,2015,Waste rock,,222200000,
1018,COM01199.00,2016,Waste rock,,137100000,
1019,COM01200.00,2018,,,,3540743
1020,COM01200.00,2019,,,,6585782
1021,COM01200.00,2020,,,,6504008
1022,COM01210.00,2010,Waste rock,,158356000,
1023,COM01210.00,2011,Waste rock,,167835400,
1024,COM01210.00,2012,Waste rock,,138604200,
1025,COM01210.00,2013,Waste rock,,144206440,
1026,COM01210.00,2014,Waste rock,,176747500,
1027,COM01210.00,2015,Waste rock,,193086960,
1028,COM01210.00,2016,Waste rock,,213947740,
1029,COM01210.00,2017,Waste rock,,218125020,
1030,COM01210.00,2018,Waste rock,,250121960,
1031,COM01210.00,2019,Waste rock,,223799240,
1032,COM01210.00,2020,Waste rock,,200979140,
1033,COM01241.00,2015,Dry tailings,O.Au,10570272,
1034,COM01241.00,2015,Waste rock,O.Au,49019483,62238000
1035,COM01241.00,2016,Dry tailings,O.Au,11554077,
1036,COM01241.00,2016,Waste rock,O.Au,49944828,62238000
1037,COM01241.00,2017,Dry tailings,O.Au,12031915,
1038,COM01241.00,2017,Waste rock,O.Au,54780595,70870000
1039,COM01254.00,2004,Waste rock,O.Fe,2034960,
1040,COM01254.00,2005,Waste rock,O.Fe,4631120,
1041,COM01254.00,2006,Waste rock,O.Fe,8009300,
1042,COM01254.00,2007,Waste rock,O.Fe,11712000,
1043,COM01254.00,2008,Waste rock,O.Fe,12186580,
1044,COM01254.00,2009,Waste rock,O.Fe,9179280,
1045,COM01254.00,2010,Waste rock,O.Fe,9540400,
1046,COM01254.00,2011,Waste rock,O.Fe,9984480,
1047,COM01254.00,2012,Waste rock,O.Fe,7043060,
1048,COM01254.00,2013,Waste rock,O.Fe,6115000,
1049,COM01254.00,2014,Waste rock,O.Fe,4009000,
1050,COM01290.00,2005,,,,134505000
1051,COM01290.00,2006,,,,131607000
1052,COM01290.00,2007,,,,130267000
1053,COM01290.00,2008,,,,131646000
1054,COM01290.00,2009,,,,149287000
1055,COM01290.00,2010,,,,179313000
1056,COM01290.00,2011,,,,177398000
1057,COM01290.00,2012,,,,173927000
1058,COM01290.00,2013,,,,169808000
1059,COM01290.00,2014,,,,211202000
1060,COM01290.00,2015,,,,193013000
1061,COM01290.00,2016,,,,209064000
1062,COM01290.00,2017,,,,203778000
1063,COM01290.00,2018,,,,241514000
1064,COM01290.00,2019,,,,249083000
1065,COM01300.00,2017,Waste rock,O.Au,4080080,
1066,COM01300.00,2018,Waste rock,O.Au,9424215,
1067,COM01300.00,2019,Waste rock,O.Au,8400000,
1068,COM01301.00,2005,,O.Au,,6758000
1069,COM01301.00,2011,Waste rock,O.Au,497000,
1070,COM01301.00,2012,Waste rock,O.Au,222000,
1071,COM01308.02,2014,,O.Au,,390000
1072,COM01308.02,2015,,O.Au,,436250
1073,COM01308.02,2016,,O.Au,,747500
1074,COM01308.02,2017,,O.Au,,803750
1075,COM01308.02,2018,,O.Au,,837500
1076,COM01313.00,2020,,F.stc,,
1077,COM01331.00,2005,,O.Au,,63514000
1078,COM01331.00,2014,,O.Au,,67686000
1079,COM01331.00,2015,,O.Au,,83409000
1080,COM01331.00,2016,,O.Au,,62227000
1081,COM01331.00,2017,,O.Au,,68295529.41176471
1082,COM01331.00,2018,,O.Au,,71292000
1083,COM01350.00,2007,Waste rock,,3166128,3723148.8000000003
1084,COM01350.00,2008,Waste rock,,1539518.4000000001,2084745.6
1085,COM01350.00,2009,Waste rock,,935323.2000000001,1886976
1086,COM01350.00,2010,Waste rock,,1215648,1780833.6
1087,COM01350.00,2011,Waste rock,,2313360,2313360
1088,COM01350.00,2012,Waste rock,,2389564.8000000003,2410430.4
1089,COM01350.00,2013,Waste rock,,1774483.2000000002,1964995.2000000002
1090,COM01350.00,2014,Waste rock,,1353542.4000000001,2047550.4000000001
1091,COM01350.00,2016,Waste rock,,193959.36000000002,
1092,COM01350.00,2017,Waste rock,,342105.12000000005,
1093,COM01350.00,2018,Waste rock,,186883.2,
1094,COM01350.00,2019,Waste rock,,127915.20000000001,
1095,COM01363.00,2015,Waste rock,,149955080,
1096,COM01363.00,2016,Waste rock,,189278119.99999997,
1097,COM01363.00,2017,Waste rock,,202693240,
1098,COM01363.00,2018,Waste rock,,226050140,
1099,COM01363.00,2019,Waste rock,,234271720,
1100,COM01363.00,2020,Waste rock,,256999100,
1101,COM01366.00,2018,Waste rock,O.Cu,1718579.8399999999,
1102,COM01367.00,2000,Waste rock,,6917,
1103,COM01367.00,2001,Waste rock,,7423,
1104,COM01367.00,2002,Waste rock,,12319,
1105,COM01367.00,2003,Waste rock,,10835,
1106,COM01367.00,2004,Waste rock,,9234,
1107,COM01388.00,2007,Waste rock,,100042387.2,189487771.20000002
1108,COM01388.00,2008,Waste rock,,98482910.4,191894572.8
1109,COM01388.00,2009,Waste rock,,45857145.6,179225524.8
1110,COM01388.00,2010,Waste rock,,105011121.60000001,180956462.4
1111,COM01388.00,2011,Waste rock,,91384977.60000001,149639011.20000002
1112,COM01388.00,2012,Waste rock,,15184713.600000001,46533009.6
1113,COM01388.00,2013,Waste rock,,103948790.4,141996758.4
1114,COM01388.00,2014,Waste rock,,68990745.60000001,105536390.4
1115,COM01388.00,2015,Waste rock,,36100209.6,73144814.4
1116,COM01388.00,2016,Waste rock,,53006788.800000004,81943747.2
1117,COM01388.00,2017,Waste rock,,32280897.6,56653732.800000004
1118,COM01388.00,2018,Waste rock,,21210336,48301142.400000006
1119,COM01388.00,2019,Waste rock,,13117204.8,47775873.6
